week,meanRt,lowerRt,upperRt,totalIterations,runTime
1,NaN,NaN,NaN,0.0,0.0
2,3.931911778920199,0.9268415994135001,6.769475088933145,118.0,0.75006751
3,3.173872083177552,1.0097734231408213,5.928521895225641,117.0,0.000963251
4,0.8846080542131931,0.10472941490121009,2.3681661102878615,64.0,0.000632803
5,1.7643001801913492,0.824720498559702,3.278442868372411,70.0,0.000683153
6,2.17878145174423,1.3094418453498664,3.1880906053621363,265.0,0.001985826
7,0.403287777217573,0.10829208355738618,0.8584465326293336,141.0,0.001200923
8,1.503204348639315,0.5954225171540736,2.7606089996352363,211.0,0.001768769
9,1.0437716628117513,0.5641282624060121,2.108386553535678,191.0,0.002074651
10,1.9805454834988538,1.3700462949060908,2.929088426100505,112.0,0.001337115
11,0.9430352637977396,0.6587740035758124,1.320935962939625,194.0,0.002295091
1,NaN,NaN,NaN,0.0,0.0
2,5.089873111539504,2.2491334889193353,8.745985931909408,679.0,0.004675739
3,0.85813098053806,0.2708565127403445,1.6660916796923102,58.0,0.000596272
4,1.7542903372215588,0.6173547844491841,3.239722146823797,101.0,0.000884144
5,2.3752811874502084,0.9598015123736032,3.8665724919659907,151.0,0.001371229
6,6.48697076740959,4.43275741213802,8.919985942572193,2097.0,0.077802416
7,0.4657893071059197,0.1596903635040018,1.000848064520404,370.0,0.003686608
8,0.4906498052982978,0.17958130541214087,0.8063163255803676,242.0,0.003677221
9,1.0100702790386993,0.6488510227218409,1.6051863745267445,391.0,0.004062117
10,2.262528197939664,1.540227063957055,3.1032291844001976,302.0,0.003492034
11,1.2528911477044622,0.7989474915977934,1.9827941900489627,475.0,0.006859912
1,NaN,NaN,NaN,0.0,0.0
2,4.006596857889898,2.2710874224359183,7.098606521893771,316.0,0.004377939
3,1.2077761200932255,0.30982042852374825,2.255625694514227,80.0,0.001219717
4,0.6575456339784653,0.27092782624702394,1.3758683336231132,86.0,0.000956626
5,2.1391254274242355,1.3033580492624768,4.059535244154205,103.0,0.010261157
6,5.730120223107028,2.9099192951731228,7.194060636910056,1168.0,0.016618248
7,0.971134809902756,0.6799762125426068,1.3177663478185722,398.0,0.005490728
8,1.0108363006749936,0.7185874519613316,1.3621377003990387,332.0,0.004005812
9,1.1391666304877441,0.4840065825740845,1.694205716988642,489.0,0.005661757
10,1.6631325141759745,1.467376394307972,1.8519888957251718,623.0,0.008918572
11,1.3240327389451036,0.9598934976062056,1.971089269879512,658.0,0.019264986
1,NaN,NaN,NaN,0.0,0.0
2,3.7996608488468246,1.8512896919090491,5.730945421263218,213.0,0.002643214
3,1.64878192234824,0.8127770019977518,3.125654277910775,94.0,0.001025552
4,0.5491424466875601,0.20247224130701325,1.2317269311109313,108.0,0.001172704
5,1.8017893746849105,1.1940566619672306,2.876068159602219,189.0,0.002677521
6,6.0825224553262505,4.408952550921326,8.82129788791052,2707.0,0.026183152
7,1.0599375021300301,0.7270857735680948,1.4263053173000972,748.0,0.01004791
8,1.0083617276805594,0.8411789162298259,1.1848897368592635,821.0,0.008467154
9,0.877595310623694,0.61463265614484,1.2020384545541531,509.0,0.006080517
10,1.8789709307800648,1.3978579687564254,2.202807319932959,823.0,0.008779017
11,1.317520984147224,1.1244226106100994,1.473369591899907,1160.0,0.014238567
1,NaN,NaN,NaN,0.0,0.0
2,6.765549653886543,4.305956376132192,11.272876406615906,2453.0,0.023142925
3,1.1956065023195372,0.634301545775562,1.9492014680847334,194.0,0.002418539
4,1.361052737578204,0.9184616456182446,1.983402146144873,313.0,0.003948509
5,1.1694621808190027,0.5486853651060096,2.4909809941123684,146.0,0.002526497
6,5.242215119341989,4.282173196099353,6.401147073927668,3269.0,0.037188473
7,1.2950312956614312,0.8001342491429073,1.8741627888302148,691.0,0.007582808
8,0.6528491326774617,0.44416509222616907,0.8355694760857189,965.0,0.009973132
9,1.2552466704272935,0.9571168746607712,1.4887871734891123,608.0,0.006827023
10,1.7034815694688692,1.2517180503688652,2.2228627790938,626.0,0.009066359
11,1.035568916619538,0.7951231958294557,1.304428796582035,1208.0,0.013342077
1,NaN,NaN,NaN,0.0,0.0
2,7.946792933655115,4.003412988891013,12.594717326089423,1339.0,0.014235543
3,2.1099448051362075,0.9645946790529698,3.01430270433841,168.0,0.001804666
4,1.586377938194609,0.9599741820043495,2.351718448849754,111.0,0.001056958
5,1.1867348938484388,0.4197442271305147,1.8992746871570612,325.0,0.002995529
6,4.692590274589792,3.652496958377755,6.4670542057066305,2030.0,0.024347123
7,0.9581238716289256,0.5734530139333626,1.289792652937286,781.0,0.008251947
8,1.1962982790129044,0.9344377786429683,1.3907306899858873,1644.0,0.017628449
9,0.9496606719882097,0.6228714844077684,1.3350772842410854,518.0,0.007912886
10,1.972437703937667,1.644925942400771,2.3203300637907267,1553.0,0.017774203
11,1.3396379735817117,0.9594670665768515,1.6491279187001957,797.0,0.008410454
1,NaN,NaN,NaN,0.0,0.0
2,4.096438383661178,1.9624783627938562,7.325536487166786,512.0,0.005028147
3,1.9463542094386228,0.9499356024793427,3.178105621971366,368.0,0.004060753
4,0.9166423193036144,0.45003287107978324,1.5106393197353403,281.0,0.004744874
5,1.957626433288393,1.5932842847243385,2.5170652184626565,286.0,0.00246992
6,4.866002432528872,4.084369687636425,6.106910204605332,2750.0,0.027789222
7,1.156756948861798,0.853058360892737,1.5448872364334525,599.0,0.005467877
8,0.8375031930571261,0.5973860669637395,0.952494442826638,1075.0,0.014837899
9,1.127034870600227,0.8619595871224373,1.504439412439146,1076.0,0.012710151
10,1.705439876651731,1.1058233630382963,2.195635961989532,1229.0,0.014051199
11,1.091961756654538,0.8407148751815305,1.3489799620454632,866.0,0.01049297
1,NaN,NaN,NaN,0.0,0.0
2,3.790010850080857,1.3124238717357415,6.122989453129582,324.0,0.004530637
3,2.0754659785751937,1.4926942817634525,2.5921242373324476,262.0,0.002620565
4,1.050553656394846,0.567256916190848,1.777231502663338,293.0,0.003164716
5,1.9210892461440021,1.0331261763654436,3.2273456674364445,630.0,0.005336375
6,4.808765629403967,3.8863557456058406,5.774645441885631,2886.0,0.031918041
7,0.9162773183887672,0.6896468369973291,1.1915915253393794,838.0,0.008804432
8,0.8036451353692635,0.5245014156596194,1.0629012048655921,628.0,0.006626215
9,1.2456247057943526,1.0632394025427023,1.5612118402293116,1612.0,0.018345415
10,1.6582607305522639,1.4051736716951124,1.9002449300112016,2111.0,0.024333429
11,1.1329286998954917,0.8134031489801238,1.476139976850193,1309.0,0.016096192
1,NaN,NaN,NaN,0.0,0.0
2,5.52857496718889,3.1943034192156174,10.763686836733276,559.0,0.005646988
3,1.6777458156988245,0.9651081296354668,2.467316652946343,506.0,0.00405219
4,1.2080819108890761,0.6883636526302305,1.7543837676111949,418.0,0.003145172
5,1.7141849554927124,1.0508626677358528,2.3624839995937217,661.0,0.008156061
6,4.571584536433646,3.554419576560549,5.535960693069514,3224.0,0.033554739
7,0.8771056981534887,0.6546895598596567,1.1558775381338506,1033.0,0.009320545
8,0.8938980200004714,0.6901403223793973,1.0362685262753053,763.0,0.00958506
9,0.9366911139177274,0.6672671674782583,1.2203332272542033,1110.0,0.013535754
10,1.7592472419969674,1.4556438673747252,2.0864701213878143,1739.0,0.020422905
11,1.246592256672302,0.9515651798196331,1.536553986304937,909.0,0.009566076
1,NaN,NaN,NaN,0.0,0.0
2,2.48420025079857,1.0044911172941653,5.1302493529969935,21.0,0.00064744
3,1.4710254643647365,0.2886026259043436,4.379800565145689,79.0,0.003357944
4,2.5996399778579566,1.1347490966749338,3.9745440569274226,106.0,0.001116828
5,3.6872934326806863,2.0979057756302186,5.4592207398596635,410.0,0.003757775
6,3.5472687546691595,2.531672019884926,5.226770874540979,849.0,0.009507732
7,1.5397837617163517,0.9123766612250188,2.069060924811562,475.0,0.004814541
8,0.6036730200820631,0.33803559539329464,0.9142927396578558,279.0,0.00239459
9,2.7835176217886928,2.0547009352952017,3.6802095117388456,1014.0,0.010134973
10,0.9535627006658208,0.6764415702616837,1.2945290334715507,429.0,0.004691297
11,1.0475935586333986,0.7158488875079444,1.4210724532438797,431.0,0.00865906
1,NaN,NaN,NaN,0.0,0.0
2,4.9053661281434,2.214895619766721,8.283679783546447,875.0,0.007998087
3,0.5755896091792476,0.04004980126267299,1.1928205000814227,35.0,0.00039464
4,0.7628148178458218,0.22205787008635305,1.7796013320051847,74.0,0.00069411
5,3.919845977182507,2.466200427354993,4.720065317263807,446.0,0.003517162
6,4.261375451271592,2.508536591322192,6.117983844033967,1667.0,0.015385016
7,2.629430378974393,1.614156089140308,3.234224758666245,916.0,0.010090502
8,0.1430594631811388,0.08977199736730487,0.25561082962546844,522.0,0.007167568
9,2.585211577543174,2.2425996429872397,2.9035381633185593,1688.0,0.017018335
10,1.1859007069317316,0.8504900087071438,1.4956938015530488,1174.0,0.014328172
11,0.7047808903015821,0.4473843439696061,0.9789468802486275,604.0,0.006986035
1,NaN,NaN,NaN,0.0,0.0
2,3.2245049348232593,1.8817552435981502,5.374109363878527,105.0,0.001461779
3,2.167169582528998,0.744997796038713,5.0792323966522925,50.0,0.000666129
4,2.3332842401384912,0.8891620508305,4.221045367416802,199.0,0.00218272
5,6.005718378373151,3.8808763407238245,8.135329536968216,1880.0,0.017461423
6,2.4020823240049465,1.6323289817146762,2.9367813825103046,547.0,0.004706773
7,2.8116934475598834,2.231490071192158,3.528388768902112,2381.0,0.02777801
8,0.2876327374533155,0.14213504975966218,0.40870723170531864,861.0,0.007509976
9,2.96140534104232,2.5806901356758125,3.292211183012824,2331.0,0.028454406
10,1.1849283934088275,1.047872796494733,1.4111860984152902,964.0,0.009943745
11,0.7968625233236818,0.6371081673790572,0.9335515693509788,1965.0,0.023056587
1,NaN,NaN,NaN,0.0,0.0
2,5.041530894212821,2.182270582305713,10.520333324296166,330.0,0.002766217
3,2.1770480568947996,1.1175385031817937,4.631286713245917,130.0,0.001081517
4,1.5746481334428135,0.8426464065540984,2.0682029492753777,96.0,0.000829795
5,7.260450529547702,5.731164962252378,9.66843019231931,4982.0,0.051815278
6,3.5037546846587295,2.7834587528830954,4.117593332814329,2575.0,0.028615988
7,2.1898832195740545,1.9278455551000504,2.483780806361173,1676.0,0.017660309
8,0.2313973801256274,0.14181747410444287,0.3786789619384873,879.0,0.009687758
9,2.9936115787802775,2.5925413730045737,3.49692916475699,3815.0,0.042464301
10,1.27886357985787,1.1020073362575007,1.5389986420649913,1838.0,0.025949224
11,0.8800468898364322,0.7086756885612305,1.1065295582072154,2176.0,0.025247702
1,NaN,NaN,NaN,0.0,0.0
2,3.9113580584894976,2.365108954382922,5.2468539791607816,253.0,0.004297347
3,2.0266065222248466,0.8066452369256432,3.3904214578774075,112.0,0.001701788
4,2.2021600077429264,1.1167441781641412,4.4835263293965735,204.0,0.002091498
5,3.9833375386623495,2.929335141893847,5.707250868938701,591.0,0.00527712
6,4.199349917965575,3.698219736827186,4.937290875464323,1977.0,0.019008317
7,3.0353436864952412,2.537285916144591,3.543910984693713,2417.0,0.029593506
8,0.27901566427926644,0.17801694105565474,0.4393871613505239,1519.0,0.017077944
9,2.707511562523334,2.4087000732900368,3.0433446499943515,4624.0,0.058418935
10,1.028362946205961,0.9311403266405069,1.1408252838072717,2793.0,0.032969997
11,0.7862550025483686,0.570994066606582,0.9904598709175851,2097.0,0.024364157
1,NaN,NaN,NaN,0.0,0.0
2,5.662346005339817,2.1232343873128925,8.837774553967963,1061.0,0.013522454
3,2.3563368615804,1.279364609725715,3.214951875586651,236.0,0.002447289
4,1.7089105936868154,1.0095082518449594,3.181258891895188,290.0,0.002558654
5,4.787333796374943,3.462988124149748,5.702171545195387,2862.0,0.032319833
6,2.933242661876356,2.4621870589127894,3.8091847775545444,2526.0,0.035613956
7,2.663270890259137,2.2650302025744047,3.0335722652790857,3233.0,0.039117893
8,0.20246603517889034,0.10171019406985629,0.2637338479600671,1128.0,0.011723703
9,3.087636713849179,2.74769506849141,3.3362681845028055,3969.0,0.049608345
10,1.203466559550669,1.0495072402037287,1.4050448049637043,3396.0,0.042239155
11,0.6801473675444509,0.5846988898979574,0.7328145561674637,2740.0,0.033636368
1,NaN,NaN,NaN,0.0,0.0
2,5.975502022216503,4.444294575978312,7.688689953074923,1044.0,0.00924068
3,1.3522178499481,0.5378720793417604,2.290770162150141,190.0,0.003045597
4,2.4304244495886276,1.3696182461933155,3.9421047363266792,274.0,0.003342794
5,5.648952319370904,4.861847762558387,6.184053152623763,4107.0,0.046596675
6,2.95546854605099,2.5344491480442386,3.220519652192738,2534.0,0.033345486
7,2.9984525488008673,2.544727877528967,3.546269107382945,4968.0,0.059075162
8,0.2562119929907015,0.21296687232557843,0.34839056991069406,780.0,0.009203385
9,2.624365333454628,2.4424956602617414,2.854385099615705,4033.0,0.048448234
10,1.2113759983476304,1.0923521738312538,1.316805537011647,2465.0,0.029951101
11,0.6466179679984976,0.5209064238924723,0.7923011951608983,2613.0,0.032385715
1,NaN,NaN,NaN,0.0,0.0
2,5.585841718748238,3.377719747166676,9.2079224797798,796.0,0.00961537
3,1.5586873753952828,1.0221947104971207,2.537879853931812,171.0,0.00168048
4,1.5383137394628401,0.9921939748541285,2.230137759090621,199.0,0.00178597
5,4.923592834682311,3.6490198945330414,5.916535801534399,4310.0,0.050295637
6,3.0918593334900386,2.477280058053034,3.7440983673908113,2277.0,0.027030175
7,2.7596303959100936,2.2708724483289067,3.0014249202893035,5712.0,0.064210953
8,0.17320695010127604,0.10356030046672751,0.2325352713663018,1061.0,0.010806686
9,2.863835962275899,2.599235146156505,3.0281378523290425,6704.0,0.082648703
10,1.2546726537645694,1.0919645781806167,1.4859055811321618,5502.0,0.070850969
11,0.8005035741981994,0.6934380667068338,0.933581693763802,4539.0,0.059300681
1,NaN,NaN,NaN,0.0,0.0
2,5.022961503301649,3.400720238181252,6.746540324311471,733.0,0.006204947
3,1.962787135193342,0.8962619170376402,3.230291938620349,308.0,0.005016624
4,1.7716688375125653,0.8529749670851147,3.2810228313348357,436.0,0.004389986
5,5.465484298880481,4.55154831184611,7.1673621859485905,3111.0,0.034402982
6,3.5795896895140205,3.291534030595733,4.029580875369198,2144.0,0.025751311
7,2.6838420195520643,2.394253743901006,3.0085842455638296,5388.0,0.062374052
8,0.2334415413528191,0.16873720647662865,0.2951158053811888,1403.0,0.018864444
9,2.6077940724860356,2.34789151622883,2.906973484974152,4414.0,0.056788921
10,1.318797936919215,1.1603600520117339,1.455095812515263,3813.0,0.047942548
11,0.7165149359389265,0.5723326350045284,0.8622693286377681,4555.0,0.057475443
1,NaN,NaN,NaN,0.0,0.0
2,2.7664780705254817,1.009419272287022,6.515287393263218,47.0,0.000741518
3,4.061101846357871,2.308478805730151,5.952875117489121,752.0,0.009245193
4,3.257816780896755,2.0914135782974683,4.3313516979285875,260.0,0.002331629
5,0.2518240904024189,0.020653699723994872,0.44619271314488596,86.0,0.000957637
6,0.5800217591923008,0.3206663374807326,1.0558486396264912,149.0,0.001287487
7,0.5759357976178099,0.299630464346294,1.116177655244033,121.0,0.00108074
8,0.7151891002751747,0.07128448222781916,1.4012814072683024,49.0,0.000514008
9,5.061710402924443,3.6513915887115016,6.2378864912211345,1032.0,0.01575449
10,2.439306487498632,1.2793166843516626,3.6845813328853434,210.0,0.002153875
11,0.3568746094708518,0.16661529073122422,0.6454817004588129,166.0,0.001623953
1,NaN,NaN,NaN,0.0,0.0
2,3.063398033515999,0.5288918981699071,6.463251151799582,140.0,0.003468982
3,6.368128821751329,4.177543961893429,9.83732757326913,1147.0,0.010860756
4,2.2430339357593496,1.4339878806875523,3.2419630651665376,153.0,0.001364095
5,0.39428173382711,0.06540381403856696,0.9783850008757984,169.0,0.001675025
6,0.9133749071062859,0.22566810135931908,1.7987881195225943,144.0,0.003449674
7,2.378618841317269,1.683967396511812,3.1000153001045194,448.0,0.0051719
8,0.6483629063731138,0.18180477363017325,1.3870291818049152,176.0,0.001970831
9,3.653825012421141,2.996096989047852,4.98540852200568,888.0,0.010646117
10,2.018438010800244,1.243101444875933,3.002081831309146,470.0,0.004794697
11,0.18187422458598684,0.07010125315566423,0.41970458503988284,210.0,0.001910882
1,NaN,NaN,NaN,0.0,0.0
2,4.729527086363384,2.1310248069677273,8.494794465175339,544.0,0.005523479
3,3.226286873286739,1.6929018459085245,4.752842938791293,175.0,0.002404406
4,2.404951805369632,1.517441392143241,3.768160873280876,238.0,0.002148367
5,0.31268438255421865,0.0694042654159875,0.6680244175576489,208.0,0.001738003
6,1.671107189535898,0.9904418816838688,3.1659690108388916,276.0,0.002142801
7,1.3642372664833196,1.0393103601583442,1.6902533037911032,177.0,0.001388399
8,1.1731849224116822,0.7515664821965116,1.642026248307514,360.0,0.002713272
9,3.225130586751419,2.1973778779669937,4.301323968568425,984.0,0.008976241
10,2.021652451270559,1.5524371939811878,2.7585299444945877,1133.0,0.010187386
11,0.34924339184283515,0.13989887521172664,0.5731840384341732,494.0,0.003914052
1,NaN,NaN,NaN,0.0,0.0
2,4.3569378707042725,2.361979290826274,6.522376475652829,1123.0,0.008200761
3,4.59928600457839,2.821707278703575,6.835564265136798,258.0,0.001777623
4,2.8239696363156646,1.9939653688852421,3.702602291371931,681.0,0.005709465
5,0.42504956257300275,0.20188237308802337,0.8267441252223512,117.0,0.002660119
6,1.0161966252962027,0.3668033769581741,1.6420335043250247,303.0,0.002955629
7,1.3263515535737749,0.8924702725033912,1.961818882498028,376.0,0.005520775
8,1.1746378902086039,0.7841463655605361,1.6191825187304096,235.0,0.001997189
9,3.9426028084221314,3.2491728035663567,4.31832902782667,3089.0,0.035832411
10,1.517913963020043,1.2764960280629012,1.833205385664638,1763.0,0.022102604
11,0.33200067876904915,0.25570237576183147,0.48594529163818423,1224.0,0.015236482
1,NaN,NaN,NaN,0.0,0.0
2,5.5871042109887155,2.4575699995755875,8.747613313634222,1214.0,0.011173122
3,3.902405685270326,3.0939140053754146,4.835069352277088,1144.0,0.011749373
4,1.7604789399721361,1.384771143482966,2.466375393347879,411.0,0.00334944
5,0.547654972093091,0.3305776520683792,0.7157444124022596,346.0,0.003228817
6,0.9381350165077718,0.5047859518723861,1.2947753296676972,401.0,0.005457112
7,1.4805605316436383,0.9370227154812535,2.179788443177676,492.0,0.004934789
8,1.2158501815387066,0.7223024170177282,1.767387337441872,480.0,0.00394807
9,3.142863613666808,2.548136409547662,3.782003743629166,2631.0,0.032733082
10,1.6732954755535971,1.506904220497472,1.8245797962139654,1505.0,0.018525021
11,0.34470438986522156,0.199723287524023,0.454170093025433,765.0,0.01093163
1,NaN,NaN,NaN,0.0,0.0
2,5.732223147599492,4.387932839260295,8.763596304229639,552.0,0.004824378
3,4.345215586854589,3.2155879433601995,5.717717272556088,1385.0,0.013656238
4,1.9584553929082265,1.3657901248388264,2.659954867749832,726.0,0.007505103
5,0.35818991690946667,0.17683152720105724,0.5118067759943994,400.0,0.004155467
6,1.095826346046054,0.6588158229549745,1.79223287210256,252.0,0.004373665
7,1.801317245680509,1.282029150424661,2.2781328360382354,604.0,0.005495174
8,1.1692191581520266,0.712799787799171,1.4976940536038956,770.0,0.009379054
9,3.53560837918766,3.025199263113682,3.9775807281963944,4735.0,0.054744873
10,1.3279453818788485,1.0647855181161345,1.6795588877129604,923.0,0.013857661
11,0.2478133116948881,0.20088592553981355,0.3428012309236864,833.0,0.010266967
1,NaN,NaN,NaN,0.0,0.0
2,4.239258792899981,1.6717091204604855,8.51458782499979,420.0,0.004393713
3,4.973599314002916,3.6680253105518728,6.600230831198143,1737.0,0.016711578
4,2.196347826246441,1.5118831996664066,2.9878849810778063,455.0,0.003782657
5,0.20239303004501444,0.07979563743172643,0.33499524483824206,308.0,0.002526467
6,1.1843776119662779,0.7888758720796418,1.5383043786417907,908.0,0.012842803
7,1.710967682388564,1.2737576696548047,2.063350519459556,505.0,0.004737783
8,0.8728191441651522,0.5869069046981895,1.258875363164437,544.0,0.006372765
9,3.132747570376169,2.7185200409420056,3.534370819667477,2644.0,0.022796254
10,1.5490787542925093,1.2808350311678764,1.7802513439529122,2118.0,0.017350385
11,0.33258273586474146,0.20062748401982414,0.5314883855041945,892.0,0.01163913
1,NaN,NaN,NaN,0.0,0.0
2,3.078842418722867,1.7722487887544847,4.627633433398472,323.0,0.002843728
3,4.758258787933435,3.9292413406576214,5.479352528617515,2487.0,0.021334437
4,1.96632031717239,1.522827064790451,2.404432753334018,691.0,0.008891443
5,0.3224499755419223,0.17737716098942896,0.49837026719038424,526.0,0.004533368
6,1.4641576109513168,0.9750739844141253,1.9623205913065411,620.0,0.007143027
7,1.168688351995574,0.7482940178097979,1.5618616749851149,1015.0,0.016736622
8,0.9347361026901064,0.6436994493535984,1.3249026469413758,647.0,0.006950609
9,3.5987561233278145,3.1420261682284703,4.137083759531436,3520.0,0.040796186
10,1.7202294445372968,1.4249469703364674,2.102434770673419,1603.0,0.020861042
11,0.26773032937675006,0.1747901622490925,0.3403795412577094,1202.0,0.017328973
1,NaN,NaN,NaN,0.0,0.0
2,3.9743969940753052,1.694449961180694,5.514799085826846,380.0,0.003871129
3,4.804056709205388,4.191297372676441,6.308240385245821,1112.0,0.010570581
4,2.368812435088642,1.8077665168560861,3.042347898349261,1512.0,0.014763038
5,0.2854129973512284,0.16688661691098186,0.501725476320292,506.0,0.006428316
6,1.3322406551604975,0.8639274094084244,1.7529933837712595,903.0,0.011656186
7,1.40182347777878,1.2104221226386578,1.7683006053384904,717.0,0.00728895
8,1.035606329591888,0.7134697846117931,1.4737072326604994,924.0,0.008327421
9,3.4921200254967117,3.079691715010033,4.066060428442334,2476.0,0.027298928
10,1.7225746942782738,1.5447836917003168,1.876205533505596,1550.0,0.018012061
11,0.2964121720511937,0.20965683006164337,0.42232707477243403,976.0,0.012556546
1,NaN,NaN,NaN,0.0,0.0
2,4.505961968744925,1.3143220932588497,9.732105160945625,439.0,0.00519052
3,1.048076595267964,0.12473807966609582,2.514023748129974,35.0,0.00044876
4,2.2049248966930675,0.5397585395527514,4.104885241895712,67.0,0.000898591
5,1.81140790378686,0.6566389954507919,3.105489183072587,64.0,0.001006549
6,3.070368147392554,1.9076532699842619,4.667518473984716,239.0,0.003802609
7,3.3204780454325666,2.490594537538109,4.669356457295932,1297.0,0.011460767
8,2.7736012376014063,2.1288558060205007,3.10619093584118,825.0,0.010655844
9,0.2728465784716244,0.11199479852225318,0.48418767029824406,265.0,0.003710265
10,1.161072183279443,0.9191036720858419,1.5411631098393164,732.0,0.008623358
11,0.8465729392340158,0.5742965980491563,1.3349477262365403,529.0,0.004531597
1,NaN,NaN,NaN,0.0,0.0
2,1.7678107369597307,0.430140753891338,4.198516962786121,78.0,0.000920266
3,3.03699991018994,1.1876651890569818,5.037595212611125,112.0,0.000906405
4,1.3911225765378927,0.6491211972837464,3.230213992612296,95.0,0.000815845
5,2.3009135830019467,1.1488297492356117,3.8406967942011705,79.0,0.00077121
6,3.86271771619336,2.942268731021504,5.016171953308796,561.0,0.005777871
7,4.586738763534557,3.4833945270389832,5.758036342065457,2681.0,0.02881112
8,3.364301051032298,2.764897604975681,4.119561831775223,3197.0,0.039190292
9,0.32051060781621965,0.19741449176823211,0.44486641260213455,648.0,0.00734173
10,1.1703922369892288,0.9637838498521963,1.3120285670924308,1306.0,0.014077868
11,0.5808269625130066,0.3570108421510821,0.8229517099176671,756.0,0.011177318
1,NaN,NaN,NaN,0.0,0.0
2,3.4908302196503342,1.5697322784863537,6.6066898280466875,112.0,0.001531131
3,3.8286280904685364,1.4111855657950299,7.43469116079855,277.0,0.002574233
4,1.5067584251768484,0.9484144557411838,2.3676113575761444,138.0,0.001210308
5,1.7591333741636128,1.0526900841063087,2.7531815973137888,195.0,0.001664945
6,4.057771085466813,3.3297360159375775,5.109603319149938,1574.0,0.016383006
7,4.040856143764771,3.239883486667265,4.803079577540882,3389.0,0.037423866
8,3.2449794043943703,2.8831044679818154,3.7296612064854884,4300.0,0.050920638
9,0.20018692997136484,0.1230418194472327,0.3151387632061472,1742.0,0.022853327
10,1.12842041485459,0.9382891601013212,1.3584306097381378,1969.0,0.022784011
11,0.6810499661104912,0.531834622157686,0.8712339727510033,1436.0,0.017939097
1,NaN,NaN,NaN,0.0,0.0
2,4.375969732508215,1.6748434609805776,8.026337368305132,110.0,0.001194999
3,4.701315974950364,2.73008268375896,6.3309938092222335,507.0,0.005100136
4,2.8722026402269494,1.4391985026347682,4.421989505415754,225.0,0.002032562
5,2.1145469528272054,1.4259022800138554,2.8213822036480467,340.0,0.003406242
6,4.587856327855331,3.3715386369970926,5.693717072384867,2475.0,0.027194911
7,3.7835007270731915,3.5615731679044806,4.303597052066103,2706.0,0.02897886
8,2.864544251311994,2.4618921719817606,3.2112640293619283,2659.0,0.032034362
9,0.21966616208001385,0.1320736588682799,0.30391696143434127,1970.0,0.023999364
10,1.2262522702161835,1.0457281241329774,1.4770556354653213,4155.0,0.048731139
11,0.5477594648993348,0.42994943744456465,0.6708281167177982,1699.0,0.023427448
1,NaN,NaN,NaN,0.0,0.0
2,2.4589925898432083,0.3281984069329139,6.565566756139185,64.0,0.00094813
3,7.22805270664427,3.8437292210259755,11.618284190171465,2346.0,0.025361352
4,1.6482775936487635,0.7113721464412099,3.100722786813118,213.0,0.00209454
5,1.9969214986424568,1.1728485458120783,2.762253877251362,251.0,0.003205443
6,3.6703217065753813,2.6727011255429867,5.017451584651928,1682.0,0.015735712
7,4.149410916293499,3.6179587733663974,4.6704314253824455,6559.0,0.073660155
8,3.2328848679652227,2.9792427212960035,3.5546937910614966,6619.0,0.076070257
9,0.3527569214574603,0.2696927277925189,0.4414906405666509,2838.0,0.031614387
10,1.2384304573841982,1.0661930344724755,1.4346385807289168,2822.0,0.031856637
11,0.6809656216701782,0.5428961107205389,0.7809546529836383,2042.0,0.023437085
1,NaN,NaN,NaN,0.0,0.0
2,4.52797395300493,2.322263433148768,7.500981869144079,163.0,0.001643703
3,3.565786341830207,1.240605108449292,5.791747263477763,458.0,0.004532118
4,3.3623611182980833,2.1243124367160404,4.352111660534303,448.0,0.005274805
5,2.0354078292296043,1.0726395919132576,2.8076148612919165,381.0,0.003771068
6,3.720340861698939,2.8463717939621946,4.430864488097251,2218.0,0.021692359
7,4.911525135929244,4.417476653671646,5.269124129232173,9369.0,0.105515956
8,3.30283514205137,3.095727411613728,3.5781108432239406,8528.0,0.094590032
9,0.28021886640549865,0.21619415042776405,0.34932862553723343,857.0,0.010389414
10,1.1157894880336152,0.8872203498639989,1.3104628207685542,4312.0,0.053213355
11,0.5570514402765657,0.44056237019008576,0.6784334038498916,4389.0,0.05197039
1,NaN,NaN,NaN,0.0,0.0
2,2.144886393281127,0.6674789760207732,3.8877567939624615,63.0,0.001125662
3,5.85625028332675,3.9901565032612263,8.35640253688945,2176.0,0.019812396
4,1.4468368971905918,1.074073911962277,2.3088195046330435,198.0,0.003095748
5,2.507380979880703,2.0341382326822224,3.217080541802055,541.0,0.006961376
6,4.326849239701659,3.538526434993357,5.4554808190947,3633.0,0.036417743
7,4.306386623535872,3.5395594171793268,4.8080592100740205,8727.0,0.103607874
8,3.218596791759764,2.775780793012789,3.4830439127990385,5875.0,0.067217853
9,0.2724924720732404,0.21146578897462648,0.3554278835317862,3105.0,0.037700918
10,1.15912960595534,1.0241474555400563,1.299345612207071,7164.0,0.08570335
11,0.5339440853036939,0.4267616091692198,0.6235162522829332,2752.0,0.032440264
1,NaN,NaN,NaN,0.0,0.0
2,2.6096855866432813,1.338313086384318,4.678647762542229,171.0,0.001845869
3,4.730687140162313,3.304190876195108,6.387855231077392,1180.0,0.01257379
4,2.193294396054966,1.5706531049396664,2.9035764484709183,445.0,0.004252065
5,2.05692662212786,1.5399761580801368,2.57835898147599,343.0,0.003142443
6,4.126285486623458,3.5913135127825395,4.724620234637799,2970.0,0.029957457
7,3.578666875353595,3.23759685555139,3.9632932326044785,8775.0,0.099203231
8,3.230436010508646,2.924771447007421,3.4296794974111404,9184.0,0.103664022
9,0.27528157126106556,0.2393912576875702,0.3544536440300319,4481.0,0.055586236
10,1.1146300167853371,1.009904197617644,1.2329518447645789,8312.0,0.108622481
11,0.5589749934785331,0.47334801856266806,0.6299615020894973,2453.0,0.032499442
1,NaN,NaN,NaN,0.0,0.0
2,3.4257539528435017,1.1489396521206052,5.563541494593083,247.0,0.002829503
3,6.359182732310467,5.052551879774657,8.426486118314495,3183.0,0.033878713
4,1.868116567838161,0.8716791699538823,3.0467590677844822,417.0,0.003948972
5,2.0878798571176396,1.1948230517140424,3.1641315843845206,779.0,0.009184641
6,4.75406318655946,4.011617691526678,5.678904364579294,6662.0,0.07291208
7,4.006892476323786,3.327451573239665,4.584308196964376,7783.0,0.090018123
8,3.3161460142388703,3.062358212101803,3.6348270773466633,10629.0,0.123472787
9,0.25869194180924315,0.19798330917525078,0.32361218538445813,2698.0,0.033789999
10,1.1791723872537756,1.0822595026278323,1.3110922737470108,5446.0,0.068626283
11,0.6299292165194507,0.5732933691908161,0.7194087293555513,5360.0,0.069090557
1,NaN,NaN,NaN,0.0,0.0
2,2.919673632885502,0.43677554111674566,5.979722222237138,57.0,0.004100508
3,1.971650024356816,0.22745529968966285,5.052358096510396,37.0,0.000456335
4,2.9371048775739803,2.062494453855553,4.5214289949284385,301.0,0.004534535
5,3.655060106517662,2.173591221781892,5.3571966981338806,343.0,0.003420554
6,0.8266636152573741,0.3209793964048651,1.8595061446230108,87.0,0.000861465
7,0.9723038793966797,0.3068086641014434,2.0374453331507487,129.0,0.001228794
8,6.753346693850721,4.729604752005301,8.239688134430303,5288.0,0.064420226
9,1.3771114026755487,0.9393764765665429,1.5990090834743627,441.0,0.004182523
10,0.905234310987067,0.611468076674546,1.31113189092121,359.0,0.005635821
11,0.5761732349744735,0.3917207175665822,0.8382551501911202,506.0,0.007882004
1,NaN,NaN,NaN,0.0,0.0
2,2.553183360494386,0.9411795522576053,4.8485761567874315,85.0,0.001185673
3,2.3094860436317406,0.5558058521793521,4.923660014919476,91.0,0.000945337
4,2.757339987600326,1.9944157625748924,3.294567454720022,176.0,0.001630516
5,4.479175741834875,3.065058851188689,6.15229062767509,907.0,0.010987131
6,0.8342886556783349,0.46427074314558636,1.0901082962737854,513.0,0.004589499
7,0.8679427606399454,0.4223789314852839,1.3647936232734672,216.0,0.002636164
8,7.191626915690399,6.0626712430836545,8.31617518845377,25191.0,0.317850062
9,0.5224330594907428,0.3875563400012486,0.7733577113152309,907.0,0.01105686
10,1.0922538277004337,0.9196442171837994,1.2706098469306266,2869.0,0.044329938
11,0.581947756943045,0.4362188311902164,0.6946657149164095,1122.0,0.016628716
1,NaN,NaN,NaN,0.0,0.0
2,1.2590068033285433,0.5271145186840959,2.2613636688485124,38.0,0.001014572
3,1.9648173455468403,0.6932789690477057,4.25857856922489,121.0,0.001492682
4,4.144739019433949,2.1197123310289476,5.834031411999369,402.0,0.003808648
5,5.673876376114967,4.155327931153492,8.689785405261754,1988.0,0.022749469
6,0.4477378902776098,0.2406484605467506,0.6156131821495039,189.0,0.0025741
7,0.4423670731075092,0.18818262595597773,0.8075373557957548,413.0,0.004328545
8,9.20645785311558,8.257854456580517,10.149915807873617,37883.0,0.478686859
9,0.6105277527449082,0.5236034921979188,0.6961088282638523,1315.0,0.018676518
10,1.0617086933856725,0.8695577073721283,1.2506826532015605,1676.0,0.023545409
11,0.5521305631905532,0.4393907034397672,0.736819674176648,1738.0,0.025576355
1,NaN,NaN,NaN,0.0,0.0
2,2.1626169269886186,0.38405001652770465,4.3823419163244655,85.0,0.001545382
3,1.1548979952148795,0.2672120126114507,3.0046116481822,104.0,0.001200966
4,4.315868756323666,2.969269755537022,5.6944563770880015,1159.0,0.013056681
5,4.733816443905962,3.473253828366214,5.746138424655273,2072.0,0.024609538
6,0.601255586247497,0.3307712141769226,0.8629844297542065,279.0,0.002569404
7,0.687975657770606,0.4523050840603747,1.1826779245077434,284.0,0.005230524
8,8.18438077425569,7.462187281647088,9.0650842908087,29892.0,0.376765545
9,0.5108971455316806,0.4450034974490922,0.6144467330138834,2272.0,0.030286146
10,1.1675808335791849,1.005189386344336,1.3933294629219475,3110.0,0.04152225
11,0.6485561366593019,0.5516068273309311,0.7232387449368943,3041.0,0.040624738
1,NaN,NaN,NaN,0.0,0.0
2,2.886775098399492,1.3027486457939368,4.377606848118213,219.0,0.002318588
3,1.7321585950541647,0.694468721801335,3.421414347132972,143.0,0.0012319
4,4.778867754939373,2.922447510409849,6.7697752332613454,1745.0,0.018323219
5,4.330020235946599,3.501006367497581,5.243196077006307,1278.0,0.016331413
6,0.5212342023949607,0.3857090762148768,0.6669110487291257,588.0,0.009112916
7,0.9578204661441969,0.6247817146869088,1.1078049584525924,773.0,0.00686119
8,8.16532974175815,7.632125567124902,8.521129277918096,43695.0,0.601701568
9,0.5743811843117507,0.4538108794928444,0.7219265369141008,1970.0,0.024619369
10,0.9560647913625399,0.8532384411565281,1.1517701048212743,6115.0,0.075765868
11,0.5905158271516115,0.5314207013649183,0.7510429641924957,2331.0,0.030227885
1,NaN,NaN,NaN,0.0,0.0
2,3.222832364163793,1.5192751928858743,5.223052506073803,233.0,0.002486824
3,3.553937978072221,1.8584392261451153,7.551788053558215,376.0,0.005525485
4,4.936783583978439,3.9009969211902034,6.340312183163775,1025.0,0.010534414
5,4.57567021993203,3.935631400823376,5.607233795621191,2246.0,0.027032869
6,0.47003900708268836,0.32259375058521744,0.6795483468960191,397.0,0.003362521
7,1.0560251189124161,0.7609909167191801,1.4273173830544863,631.0,0.008197792
8,7.738615865565518,7.014162615535417,8.451279742849945,58270.0,0.722644588
9,0.6673828026104461,0.5623357813031449,0.7771589993934841,2180.0,0.02769559
10,1.007367036785324,0.8495883738080469,1.1728458615093011,5747.0,0.073532333
11,0.6042015060852449,0.4783010307109119,0.6821533529638582,3713.0,0.049391411
1,NaN,NaN,NaN,0.0,0.0
2,2.685676474428028,1.0977147158222114,4.844824830957503,128.0,0.001609035
3,2.5161499422108835,0.8274521484421755,4.434705257766276,277.0,0.002365467
4,3.870239474719477,2.0394573007303665,5.101270162817042,1443.0,0.017032352
5,4.975325522190421,4.001509190937376,6.241180038327754,5097.0,0.062004095
6,0.6444477234913271,0.5531114753810131,0.7886726274596212,875.0,0.012502435
7,0.9183812778963174,0.7134291303403423,1.2721227434052385,924.0,0.008887726
8,8.310832298004865,7.632288052243711,9.001052455324373,83568.0,1.017712994
9,0.5948393778974377,0.4246440541973302,0.7044868911268819,3711.0,0.047092243
10,1.0514484966927315,0.9043247667065574,1.212651423719234,4428.0,0.059820045
11,0.6303423918670028,0.49142987048702014,0.7193008393236298,3346.0,0.038152838
1,NaN,NaN,NaN,0.0,0.0
2,3.198646122523171,1.9864979715658073,4.41099336921446,103.0,0.001284703
3,3.3104560992239023,1.8930377899080506,5.138961789484763,398.0,0.006537817
4,5.651518669391445,4.289618622728365,7.876973783000736,1855.0,0.019774855
5,4.442275500872517,3.62375483248017,5.189707209504388,3447.0,0.034103536
6,0.5425816338473959,0.4376342269059489,0.7466685541304036,917.0,0.009036739
7,0.9768407568171323,0.8104201754312343,1.33328363481274,664.0,0.008223019
8,8.354710347423968,7.740059451698865,9.025617396828975,56833.0,0.691642923
9,0.5467836695185924,0.46637055288034707,0.6012799683690989,3281.0,0.045438237
10,1.156630337758948,1.064874313160016,1.2936067145847971,4123.0,0.067451383
11,0.6163987938851053,0.5278721348769697,0.7663091834557008,4036.0,0.057104845
1,NaN,NaN,NaN,0.0,0.0
2,1.7732371000679716,0.8957281493794155,2.6222822224847038,68.0,0.001536675
3,2.42344973882931,1.471156426275106,3.3911465996136942,219.0,0.002376635
4,5.088632098180996,4.0046824605992555,6.168237392618471,5416.0,0.06742549
5,4.207329146506916,3.683231004278582,4.882707844526648,5186.0,0.088800263
6,0.6270848784273719,0.4465094127333247,0.7957834711402386,535.0,0.010552686
7,0.8561220137929639,0.745597991845628,1.028526890695897,1788.0,0.034557455
8,7.883148343967098,7.591827673124634,8.329640684976322,89669.0,1.255500987
9,0.575053245028547,0.48885142385083846,0.6407481328577871,3349.0,0.045532739
10,1.079276999299114,0.9182493223884836,1.180747023781051,6732.0,0.090570422
11,0.6744196878540467,0.5992285715715427,0.7926226784402405,4369.0,0.060868503
1,NaN,NaN,NaN,0.0,0.0
2,2.908372787413728,1.5783783076591333,5.305124697989346,147.0,0.001831596
3,1.790195155929408,0.7656007333125825,4.251249698153845,68.0,0.000730433
4,1.6436694259477371,0.449731799543393,3.3694970938951245,161.0,0.001548452
5,0.6663878555350415,0.09764965396514061,1.8228661371400057,92.0,0.001090847
6,3.237037171514145,1.5630204227178828,4.840439314388048,764.0,0.010091276
7,1.587019248804444,0.6594614960397058,2.525900441615074,93.0,0.001206976
8,2.935165773891025,2.1272174367441825,3.3920785992863633,634.0,0.009872049
9,0.599329730767016,0.4250635894773853,0.8047006131339891,157.0,0.002416307
10,1.9870679721595927,1.5918083668530687,2.313598318851575,627.0,0.007176025
11,0.9766031516001284,0.6239124962284555,1.3640211669962032,392.0,0.004180863
1,NaN,NaN,NaN,0.0,0.0
2,2.9420520135946235,1.7219676956696843,5.642094320240519,71.0,0.001329194
3,2.0501350433675483,0.9095336140645758,3.6048066711897895,107.0,0.001070694
4,2.201318704084895,0.8055740056499736,3.1832804681999436,283.0,0.002465078
5,0.5162432683910577,0.10873932512797906,0.9225363679363309,72.0,0.000862459
6,4.061434030030297,2.5402579380662376,6.2144061429326065,822.0,0.007195188
7,2.1799099451776227,1.44570250264528,2.833964340070446,429.0,0.003608522
8,4.026010905428038,3.28403465968359,5.526723214511957,1795.0,0.017347067
9,0.5307570621248077,0.4049506703441658,0.6743888289277725,342.0,0.003619216
10,1.7485999307467157,1.2397551220999623,2.2638284867621516,1351.0,0.011514765
11,1.355418837549839,1.0086965114301367,1.654667751273686,1254.0,0.016898585
1,NaN,NaN,NaN,0.0,0.0
2,2.3569883445056683,0.9059428562447704,5.3327974575567865,191.0,0.003229988
3,0.6515317423646718,0.22382319840081127,1.272529551819201,77.0,0.001026016
4,1.3480102378703722,0.7305987117103783,2.3345626634775,238.0,0.00270831
5,1.7784058250436197,0.8579640181841571,2.873512348488635,199.0,0.002052475
6,4.389189296041822,3.3814383462370836,5.4594402315813095,1827.0,0.018205394
7,1.7543086417249725,1.2590688450411873,2.393895057421422,573.0,0.007976466
8,4.020638961930382,3.7032287657586136,4.808201911292111,3416.0,0.039646493
9,0.5663333028590014,0.38150098395063553,0.7459068750967304,1331.0,0.018930675
10,1.7491475828621947,1.529901046368333,2.052515639392117,1638.0,0.019529764
11,1.0174743833315163,0.7524344828555479,1.3654517181982104,2350.0,0.031625184
1,NaN,NaN,NaN,0.0,0.0
2,2.4595010172072014,1.3915301741583384,4.064516480715502,192.0,0.002165868
3,0.9996149250152715,0.3134258775692923,1.4910150628368968,56.0,0.000584766
4,2.6483767206154556,1.8762261270902234,4.481657089844339,476.0,0.006355699
5,0.8704102828586425,0.4782488272459759,1.4581172123265465,216.0,0.002827769
6,4.5073085456459765,3.590514680839829,5.48055395365644,1085.0,0.013066114
7,1.4287309484261648,1.135227430344354,1.6579098261246843,894.0,0.009416449
8,3.2241636861375134,2.4757391616317843,3.9161818197520333,3487.0,0.044406293
9,0.6002843079123152,0.46991413667642157,0.6899094441257441,1627.0,0.019312133
10,2.157174710905245,1.8306112346485885,2.5237008008248676,5960.0,0.077522942
11,0.7683475450662314,0.6075722930277425,0.9292994681804281,1483.0,0.020025611
1,NaN,NaN,NaN,0.0,0.0
2,1.9566330500065228,1.1887062030178528,3.1983724063304892,169.0,0.00219849
3,0.9061695167100645,0.4701569485373379,1.6092115238062101,86.0,0.000837749
4,3.4476251114299084,2.1815130214179934,5.236334982688244,948.0,0.009749336
5,0.9066059373265523,0.5761832736058781,1.2003559794214143,259.0,0.003196866
6,4.435652371238445,3.8286926039949654,4.871806121619996,2619.0,0.029431649
7,1.764404797851404,1.3851115896529365,2.4141317456599367,958.0,0.009683119
8,2.8396004399414556,2.5259504066273895,3.2309033335480186,4500.0,0.051629293
9,0.6501739605238719,0.476923532989931,0.839980049330411,1027.0,0.013135311
10,1.811986812166743,1.6454546342368934,1.955438910688915,3148.0,0.04465793
11,0.8623201082389533,0.7588679598593538,1.007881231516531,2798.0,0.036956892
1,NaN,NaN,NaN,0.0,0.0
2,2.9574048676668605,1.8840501405303647,4.417092254152202,238.0,0.003537849
3,1.819319662932618,0.9394033864579427,2.528380441645909,137.0,0.001250529
4,3.6679195378828404,2.232473083021792,5.156344777774743,948.0,0.012056972
5,0.816010500538542,0.45153647012372733,1.1225809651949745,388.0,0.003500489
6,4.127108202362201,3.503480760696728,4.9200093148549735,2728.0,0.036421616
7,1.7894781749914155,1.390677877519071,2.388402049501876,1731.0,0.027571166
8,3.3441040497332026,2.821399888438705,3.9065093011684247,5359.0,0.068265776
9,0.7581753899418728,0.5827888731777531,0.9559538721174459,1345.0,0.017968623
10,2.043733482591096,1.8525905741907671,2.3113808264551894,2625.0,0.033292315
11,0.9741826194299824,0.8663686131247991,1.0366836312230194,2982.0,0.038988255
1,NaN,NaN,NaN,0.0,0.0
2,2.7844856978683667,1.5622353583332738,4.367158489688899,198.0,0.002640805
3,1.0070722905859364,0.541742297436158,1.8456903583069857,176.0,0.001924222
4,3.6586839425617925,2.4951709262809016,4.803724140988154,1012.0,0.010439567
5,1.0636642607579847,0.44144014932593345,1.8544231814305439,220.0,0.0035918
6,4.225289420585923,3.4904455663230154,5.172617104466031,2361.0,0.024811243
7,1.7724694938597914,1.3333908634088598,2.2408310782780267,2408.0,0.032187538
8,3.369545089261366,2.991661482654576,3.714463257385887,4557.0,0.060493572
9,0.6131971327241192,0.5223570546289543,0.6919395482155295,2059.0,0.026700676
10,2.1233646401896347,1.877163541861483,2.3981185689470865,7535.0,0.108755914
11,1.0050203225046406,0.8590078732460131,1.2167620645049086,4357.0,0.055986482
1,NaN,NaN,NaN,0.0,0.0
2,3.0870949157875387,1.5530499906882076,4.939969529071942,205.0,0.002388185
3,1.2553546965725435,0.5004940761897951,1.8865465700482613,211.0,0.003356344
4,2.9463163954548173,1.8520099944987087,3.8709171861978238,1093.0,0.010636387
5,0.7172475442086204,0.4212384222902663,0.9937311649632206,373.0,0.003349342
6,4.4012681951529125,3.6793837304636687,5.473936078333322,2492.0,0.032645288
7,1.763614051401157,1.4155438415280956,1.9930095542929194,975.0,0.012562825
8,3.4986285716726933,3.1834939476276487,4.122171592477572,9392.0,0.118381119
9,0.7351184221969702,0.6230031526129816,0.8847667518440172,2574.0,0.03228305
10,1.951190912792849,1.6846378945886964,2.082534365244528,3706.0,0.051093712
11,0.9447813679229198,0.772431554205866,1.0849336288666507,3292.0,0.043725429
1,NaN,NaN,NaN,0.0,0.0
2,2.794384900140237,1.387432432440178,3.980412387948687,268.0,0.003323923
3,1.0679938214424047,0.643570349839959,1.6086835016102572,200.0,0.001858093
4,4.207743093978698,3.0665149659401947,5.441429168482507,1631.0,0.017689656
5,0.7498490565662496,0.5071042761108275,0.9603854362426104,290.0,0.003062331
6,4.407442618960283,3.4851322711298325,5.230096898315798,6916.0,0.07520013
7,1.7852498413487115,1.436189222420283,2.291017529988085,2071.0,0.0200363
8,3.313512512073199,3.0435393994048834,3.7044699565388957,4960.0,0.061719376
9,0.6724875424734904,0.6032631022924296,0.7169617494902741,2071.0,0.023662157
10,2.0158654854521223,1.8854703646147428,2.1407055759915448,3926.0,0.048600106
11,1.0323463355734885,0.8082810513810486,1.1348382325861726,4014.0,0.052617102
1,NaN,NaN,NaN,0.0,0.0
2,3.5038484780768178,1.2436184241471504,8.96463146462752,114.0,0.003066951
3,0.8189989532575861,0.3880543493411917,1.636081389906264,36.0,0.000776065
4,0.9155567728741127,0.4445268063720135,2.072422170422195,70.0,0.000937692
5,1.373854433871023,0.15216980030793575,3.4295692241903257,77.0,0.001252421
6,4.74109733316377,2.783515170943046,6.2987108087820065,831.0,0.008439819
7,2.903130463194013,1.6992168662939475,4.246912190174891,379.0,0.005097362
8,0.42947550376187416,0.17550791610871838,0.6367253482751263,124.0,0.001827375
9,1.4552728907181773,1.0160780575220625,2.1781313611305566,197.0,0.002554927
10,1.7731736855787168,1.1456917544049368,2.260110168485356,389.0,0.004446698
11,0.9859867735674834,0.8061355844879184,1.3915827331834059,273.0,0.003761581
1,NaN,NaN,NaN,0.0,0.0
2,4.150722678707128,1.5585844921467134,6.859335160321369,452.0,0.005918122
3,1.0397285189030812,0.4430663323912988,1.5074473809417133,112.0,0.001178429
4,0.9020354123285473,0.6069575073584885,1.6641642636225857,74.0,0.000991604
5,1.4866027277110978,0.4960671821478292,2.960576694822683,70.0,0.000913461
6,4.59881352559661,3.225918830812322,5.654608729122843,1206.0,0.012844571
7,2.678626450055935,2.0486241410621426,3.052073729969866,748.0,0.008054571
8,0.44367740042711246,0.18002956376945126,0.8463735161097015,413.0,0.003704017
9,1.6253950054225623,1.172792351116082,2.043915630578959,790.0,0.012636781
10,1.1385972184834288,0.8718850428873475,1.4312782387692975,579.0,0.006240632
11,2.1098953377646046,1.7230897796653613,2.6907463260994904,820.0,0.009402357
1,NaN,NaN,NaN,0.0,0.0
2,8.290269176536883,4.1749000603624635,11.400500621671187,8309.0,0.079710164
3,1.5601655663356433,0.9557590592771809,2.439967976521332,210.0,0.002287176
4,0.6000750302190843,0.1459604526132512,0.989163844107235,173.0,0.001658364
5,0.5790318844231861,0.22677313178809336,1.082853884708328,109.0,0.001046574
6,4.096937097228304,3.4141853717297916,5.476586471550993,643.0,0.006025962
7,3.882837480886567,2.653372830838336,5.268145631399726,1874.0,0.025156434
8,0.7752332095444593,0.4150433594405459,1.0604354764323565,349.0,0.003469549
9,1.7399555811716259,1.071992564578103,2.1404065215469257,708.0,0.008813529
10,1.5505704583803246,1.1523869860150833,2.131812834823185,1021.0,0.010438343
11,1.6402826000771644,1.244599895013135,1.8769867287426478,1520.0,0.024186775
1,NaN,NaN,NaN,0.0,0.0
2,4.408291795306172,1.2868200714633555,7.304389241166195,512.0,0.005356385
3,1.4044753796964329,0.8135753896713309,2.452508066545644,69.0,0.000750253
4,1.5244739364088984,0.8344185969814689,2.2935017406511,164.0,0.001634475
5,0.8610746566458782,0.47158808261593393,1.5212806181377028,94.0,0.000931749
6,5.203358393600921,3.8737476393156367,6.772602665412821,1744.0,0.01742413
7,3.468149006103469,2.9801991800973906,4.154477015105783,2208.0,0.028941316
8,0.7149625214612414,0.465911270294106,1.0910190005852067,981.0,0.011362464
9,1.7626099024578061,1.4633709098154801,2.1645261554802206,1447.0,0.018983482
10,1.6715316557674544,1.4340069861795273,1.9546520498764968,2276.0,0.02901041
11,1.149293524960271,1.0033326047909612,1.4593147926030698,1130.0,0.0196794
1,NaN,NaN,NaN,0.0,0.0
2,12.053619810251458,8.470135769262399,16.77243482278713,39443.0,0.474755823
3,1.8319024671822057,1.1858351952408674,2.98965125789977,271.0,0.004391301
4,0.906151667317384,0.4807828245985728,1.5017664864950488,225.0,0.003399199
5,0.8333106021128052,0.4463228649573111,1.2864696634043498,185.0,0.001952066
6,4.637382080143426,3.9210260433790483,6.14981128176499,2601.0,0.036364129
7,2.7763725522679996,2.0740512826167725,3.509564438461908,1534.0,0.020310445
8,0.8187276461355081,0.592145970044024,1.1092499678067171,844.0,0.012591028
9,1.9128560247673705,1.5658335717911698,2.278432760932439,2822.0,0.041492731
10,1.5788607463326267,1.455511410269335,1.764520566139568,1113.0,0.017937701
11,1.1050661922262655,0.9903815907763651,1.2537203381508655,2017.0,0.025506852
1,NaN,NaN,NaN,0.0,0.0
2,7.202897715154842,3.3541594443518754,10.495827244219775,3559.0,0.046829251
3,0.952857410222929,0.35585654673606076,1.7093783497110386,149.0,0.001574887
4,1.3761650555622595,0.8201995070422383,2.018080111255582,158.0,0.00160482
5,0.7059324320187373,0.29601494901390724,1.4032353665706263,100.0,0.001082189
6,5.949439102093883,4.444127925691465,8.005539084531208,1919.0,0.026093419
7,3.5482763059018625,2.9256314137948194,4.163898684881154,1875.0,0.023553953
8,0.5688113999299611,0.4103444831368937,0.6914230286084916,1443.0,0.018835458
9,1.8764691810688288,1.5352567708843214,2.129639393620613,1250.0,0.017708049
10,1.587632361554735,1.3698042324511464,1.7939575824789764,3243.0,0.046611161
11,1.274802348015084,1.0718296542489143,1.4651888814816902,1106.0,0.015844891
1,NaN,NaN,NaN,0.0,0.0
2,6.194755876196248,4.187586080467407,8.815910827217136,901.0,0.011909372
3,1.6234770572553945,1.0374940101781767,2.1277787266823336,218.0,0.002274705
4,1.1575054550484982,0.6365979737451313,1.6002251027454015,290.0,0.002801667
5,0.9938045247252664,0.5620443681438034,1.6143379468279409,443.0,0.004631021
6,4.819399838401057,3.6818295065026696,5.4474546220687525,2202.0,0.028815711
7,3.153848808343445,2.7629363505833706,3.6224152628269226,2984.0,0.041223458
8,0.7377356295934574,0.47208171466997134,0.9647858342554911,1264.0,0.017269586
9,2.1212950514410496,1.7845726390719021,2.671840314040223,3450.0,0.046417763
10,1.6849453740341598,1.4361454215963625,1.8608340361227633,3779.0,0.059512359
11,1.174821212164658,1.0193371857899292,1.3101423291777226,2883.0,0.038364663
1,NaN,NaN,NaN,0.0,0.0
2,9.736344206465754,7.020070677087933,12.268165192773997,12195.0,0.147425576
3,1.5417601595664125,0.715175064322733,2.8738369485951916,214.0,0.002074607
4,1.201961743959783,0.7674127440462135,1.8378449871294051,241.0,0.005169621
5,0.6831586093628148,0.2297197790906761,1.2693293076243914,323.0,0.004569594
6,4.285850397440755,3.607707843612889,4.998812277188529,3543.0,0.040487776
7,3.298738623577374,2.9183976846507367,4.029397969441357,3120.0,0.041519082
8,0.6032518198875612,0.5343056672430638,0.7468189009252473,1730.0,0.02282475
9,1.832376207516018,1.679401693739326,2.0442752791670262,3315.0,0.04859202
10,1.705285536305342,1.4592647198335853,2.1647161808801476,2354.0,0.033251844
11,1.3142022723237468,1.1364529710349927,1.4621556898679025,2957.0,0.043262334
1,NaN,NaN,NaN,0.0,0.0
2,8.17422643988294,5.080322089054725,11.607249167175716,15835.0,0.179793483
3,1.1191918976855613,0.7371775560995937,1.8345117041065278,281.0,0.00424894
4,1.5284569778705084,0.830028766362232,1.8779645809608083,173.0,0.00167073
5,0.8194571542099478,0.30655725535590506,1.7731430154938337,286.0,0.002590527
6,4.564555628292409,3.8811053526482784,5.618682728577826,2779.0,0.036280004
7,3.2247793551603365,2.6557993437214114,3.695723730664096,2660.0,0.034872898
8,0.6638053895930403,0.5451415788850703,0.7699479078132168,1414.0,0.018173243
9,2.0463862845267857,1.8041628078565741,2.325539240473523,3172.0,0.044595436
10,1.6658617147764516,1.3696866244047678,1.8839635425821983,3709.0,0.049245784
11,1.2277593596478902,1.1111640629117445,1.4384935287936929,2219.0,0.033185171
1,NaN,NaN,NaN,0.0,0.0
2,2.2692693278494063,0.9661923716966441,4.22016026504026,59.0,0.001036477
3,4.033409354227496,0.9006245581415957,7.6689886320210165,245.0,0.002678997
4,1.608889088536093,0.41995423311551205,3.4925675276687445,96.0,0.001163117
5,2.233199492434704,1.6446472190536752,2.906814205926135,217.0,0.002940696
6,0.7142279191263777,0.2427857099204681,1.5495710840474786,108.0,0.002182342
7,4.704897745665226,3.885481357705932,5.529866136783287,1379.0,0.019269613
8,0.5137446927818518,0.13807522277891415,1.1930031689907268,234.0,0.002492438
9,0.32840160086527914,0.16392297635784078,0.6004454692475538,296.0,0.003260362
10,0.37423975676531657,0.12619980132857725,0.814181437434091,154.0,0.001813915
11,3.7118829550490644,2.6626817295482947,4.716979359727875,823.0,0.011287717
1,NaN,NaN,NaN,0.0,0.0
2,3.468328047799234,1.564584640494013,6.450987308586527,60.0,0.000933704
3,6.345325064177265,4.627873350224249,9.27117902242625,3990.0,0.044665227
4,3.0678466070427834,2.2310977048997547,4.1583999769916,398.0,0.004935071
5,2.1976816914222765,1.5064064278157656,2.7314232273731367,529.0,0.005327481
6,0.8559689468556861,0.5174077391954114,1.6031063823958769,245.0,0.002384766
7,3.72707413212159,2.982313269980961,4.7786833158403725,2271.0,0.029256041
8,0.2721240185603452,0.11147524107788707,0.4881751195797225,451.0,0.006228926
9,0.7994654763793092,0.598984923435242,1.0954644751059086,628.0,0.008512538
10,0.4942891207013577,0.3313855895537017,0.6853270115463188,957.0,0.014049498
11,2.0913400499782755,1.5456823666454866,2.651717011121539,1647.0,0.022207668
1,NaN,NaN,NaN,0.0,0.0
2,2.163666683037799,0.9094418058018047,4.71975777624498,93.0,0.00142823
3,2.729543434228549,1.4630803927433942,3.633091695460752,169.0,0.00179368
4,1.7498035076050704,1.116791155852843,2.7665315332154465,246.0,0.004906119
5,2.965101864046061,2.0112574711493014,3.778370484426267,738.0,0.00691432
6,1.226447151671493,0.7170905901454465,1.6537900851715237,509.0,0.005402834
7,5.247176623095383,4.500988756959541,6.207565731671686,7270.0,0.094461223
8,0.35816189470947435,0.24232753881965582,0.47592621149891307,440.0,0.004575179
9,0.8491878384950601,0.7086543500446555,1.192184249100174,606.0,0.009235486
10,0.5478622201917929,0.348266424881844,0.7866078172804299,586.0,0.006285841
11,2.1332937251855073,1.7006338423746707,2.4064495676953763,1505.0,0.023783724
1,NaN,NaN,NaN,0.0,0.0
2,2.972305710021066,1.8125920180440465,6.255069241935958,247.0,0.002849698
3,3.5927961603419645,2.2377503822070297,5.570121564896427,737.0,0.00668764
4,3.2573737850880975,2.7841669752976173,3.93759238396659,723.0,0.008645426
5,2.4533869753532116,1.751189783644214,3.31386745481013,805.0,0.007236806
6,0.7739451763720974,0.39243857703056967,1.1124932679398685,375.0,0.004921921
7,4.681962277624207,4.07032319904173,5.650752206832587,5614.0,0.062524903
8,0.3805601535754807,0.27436997232679156,0.5515160849682823,1192.0,0.012962579
9,0.7015762759619791,0.5419108141387272,0.8565592079145675,2114.0,0.026137561
10,0.5762241234420192,0.44214033775092354,0.8454727925238685,1581.0,0.018016019
11,1.8738536892311035,1.534377548669315,2.1926605421712315,2824.0,0.033601971
1,NaN,NaN,NaN,0.0,0.0
2,6.140273668637808,3.5714498597755577,11.412732322614826,1122.0,0.009704928
3,5.535244529529527,3.6532651727378704,9.430999507133269,1447.0,0.01705348
4,2.631826923438827,2.0517301428617816,3.247409726469788,479.0,0.006360311
5,2.5121292212955684,1.6709419403015973,3.2507027880626724,1221.0,0.012383587
6,0.8390990792724342,0.6552028720277421,1.1717126761873469,503.0,0.005376103
7,4.29474635227675,3.9705954006685364,4.807280601646435,3612.0,0.040016055
8,0.40086181191459874,0.28907008332535666,0.541305815249727,1179.0,0.013399504
9,0.6970999178511439,0.5621257556561092,0.8311926785624989,1157.0,0.01491692
10,0.642542962732368,0.415757935475771,0.8160451623842726,1488.0,0.016908477
11,2.1785926028605926,1.8075640683277152,2.6403193413572277,2382.0,0.030372205
1,NaN,NaN,NaN,0.0,0.0
2,3.49680310549428,1.582354277336964,4.852343297394601,312.0,0.004710162
3,5.807612914983878,4.0943225089418185,7.9151536051789,812.0,0.008035854
4,3.3413149080154967,2.5522485875988665,4.263267952342424,1607.0,0.017228998
5,2.4120916584069065,1.9982116148270224,2.8526666434961765,1565.0,0.019917385
6,0.9839141698470589,0.7453610703653485,1.3869547612888304,1127.0,0.013006798
7,4.953494440951643,4.532820004506886,5.50553651871886,8308.0,0.097218407
8,0.31029308061316685,0.21344551323762853,0.41769617428975947,1642.0,0.022742993
9,0.6786345916933935,0.5241482814366194,0.841972282785129,3484.0,0.041145901
10,0.6776617342415602,0.5190002821469111,0.8037467482074547,1610.0,0.01925994
11,1.8976914102027767,1.664787040468883,2.1744150097114185,3330.0,0.043646099
1,NaN,NaN,NaN,0.0,0.0
2,4.391775634605418,2.533402596888735,7.636756677745792,503.0,0.004632605
3,4.540934947254375,3.313516505030601,5.571254176419085,420.0,0.0051558
4,2.5481514447793883,1.9460753885610322,3.610968328935136,759.0,0.009163013
5,2.1137525630334406,1.6321653601612418,2.520694105088262,1701.0,0.017368494
6,1.1018292830522949,0.7566480550174137,1.5189102689230587,579.0,0.006811187
7,4.47644450097184,4.043369996571055,4.937507216774059,11177.0,0.137892386
8,0.38740145731981646,0.31115133443669685,0.5137389281586162,2738.0,0.034508503
9,0.6412514969984059,0.45180660383693905,0.8258117485511118,1686.0,0.019486393
10,0.6287037121298298,0.48836624079588375,0.7404707592600192,2137.0,0.027026178
11,2.0975141613981854,1.8115263044714063,2.472833498227494,3959.0,0.049123985
1,NaN,NaN,NaN,0.0,0.0
2,6.517133590463258,4.932669112138728,8.707225741030221,1648.0,0.016852472
3,5.6906181005467085,3.9580949045149953,7.34946546844262,1019.0,0.019996119
4,2.5092813986154003,1.6659866782264956,3.219156679166277,2197.0,0.046108069
5,2.669799970311917,2.2179809030568616,3.2044453933278447,1342.0,0.019588374
6,0.7522293972256884,0.5843590320510224,1.087648745454179,912.0,0.013309292
7,4.73839448847077,4.04790380288602,5.437702496111964,8929.0,0.121321531
8,0.39076150770068185,0.30475965095601215,0.45261684493712656,1571.0,0.019491716
9,0.6015019149354065,0.4986017701211164,0.773797555682121,3738.0,0.045867216
10,0.5605254106221795,0.46243848482484157,0.6413247226222789,1527.0,0.019292393
11,2.0716574392374545,1.8972581176037835,2.298588472428767,4007.0,0.051752237
1,NaN,NaN,NaN,0.0,0.0
2,4.496551043480579,3.0113555450825427,5.764983948768751,611.0,0.007352069
3,5.485102374579206,3.8592085667067306,6.684843762078584,1660.0,0.016920022
4,2.591749849371587,2.196116238469875,3.181727618982376,1140.0,0.012497397
5,2.391409635320635,1.8420326954163273,3.063756549229582,1422.0,0.016014359
6,0.9644288011749538,0.7727152520428264,1.1719728615831853,2278.0,0.027426732
7,4.708709024654338,4.396295310964978,5.098008023634145,10464.0,0.133759275
8,0.3147237869635987,0.26220525308819903,0.38912185065547666,2258.0,0.027621889
9,0.6200481260097764,0.507862839257502,0.7475785902810257,4225.0,0.054396336
10,0.5715346885127541,0.40597024255106673,0.7128289668906901,1232.0,0.015771432
11,1.9875976294974458,1.8144894621135839,2.1624303601141004,3799.0,0.048255239
1,NaN,NaN,NaN,0.0,0.0
2,2.6133828079691113,0.8528255194945085,4.423654962761394,189.0,0.002798172
3,6.236896030763541,3.9292668478179227,7.527082049008336,879.0,0.007487002
4,5.063037031194173,4.041160117714161,6.285964184356994,1747.0,0.017178153
5,0.15992897892401228,0.05272460560876264,0.28804772908588616,294.0,0.004626121
6,0.7463507200964703,0.4011819689345712,1.2427448200833426,570.0,0.006330572
7,0.3309480471628787,0.1673017215088452,0.49749408259104083,307.0,0.002940804
8,1.7018562060269364,0.9130030295316435,2.2159685690447475,546.0,0.006388081
9,0.24602821867220204,0.13131712946324053,0.4491651208093948,284.0,0.005334743
10,6.808673739158527,5.993743967012602,7.610981728575785,5951.0,0.072298081
11,0.66428747773782,0.22883447704542115,1.2407248601270873,711.0,0.010911948
1,NaN,NaN,NaN,0.0,0.0
2,3.1814167094955024,1.2230332004264381,4.613269006323357,237.0,0.00277936
3,3.8670920721184023,2.624504904172086,5.364331926786309,510.0,0.004391787
4,8.284808608002688,6.479670717703325,9.371541077367569,10615.0,0.119993065
5,0.17677126314937647,0.09672766673763677,0.2893462671161091,361.0,0.004452515
6,0.4890655555188538,0.3634269489765757,0.629538634408212,514.0,0.005200574
7,0.23746575567112083,0.1023428295340944,0.39474592397404823,296.0,0.00264352
8,2.246320737815053,1.678769114088816,2.527964001609845,995.0,0.011868316
9,0.1659532768342291,0.06361164777464136,0.29813075279591617,445.0,0.004025605
10,5.277519731651917,4.439093082007018,6.031199863997898,2518.0,0.031371511
11,1.1848296985967306,0.9783374195122324,1.5143650834203883,1130.0,0.015530657
1,NaN,NaN,NaN,0.0,0.0
2,9.679289419524043,5.80942468051774,16.626613398133266,6319.0,0.065143379
3,2.9959464743271136,1.7602618125031277,3.8812249858845767,337.0,0.002633231
4,8.920702847871928,8.269013129353239,9.630113367250047,24074.0,0.282087183
5,0.4700448958650238,0.28662136242852687,0.6716343078440352,880.0,0.009908499
6,0.536553037785101,0.3538886764037481,0.873870220398087,656.0,0.009466432
7,0.3598677944420051,0.180687481729755,0.5930107000814602,894.0,0.012131552
8,1.5957356884328584,1.1186362372713596,2.2919867650731356,996.0,0.009830592
9,0.40932854815487413,0.24927363918352038,0.6594478032817569,532.0,0.00622193
10,6.629510883742621,5.744470254721611,7.859416034371193,16199.0,0.186021431
11,1.0433451492126349,0.9110095674145836,1.212571034175376,2072.0,0.027478081
1,NaN,NaN,NaN,0.0,0.0
2,5.788284458222636,4.1118407007819195,9.55272638603654,1646.0,0.018521118
3,4.179637190307401,3.4430128600503336,5.473799464687941,767.0,0.007845944
4,6.995191741613311,5.649257366048155,7.807461252312068,13609.0,0.14966823
5,0.2953283576970544,0.1547248950337294,0.47603668303648067,1187.0,0.013354707
6,0.38227526628095326,0.22311006215273801,0.5389364247364813,1074.0,0.012245847
7,0.24120664741966383,0.13937714549563035,0.3674001974711874,786.0,0.007360423
8,1.5842017734769236,1.1548522607354834,2.056748484566811,1678.0,0.022878621
9,0.5584031559510433,0.40179573990886003,0.6989730979996367,461.0,0.005399303
10,6.7510938584925455,6.405370257311992,7.418975607413669,13274.0,0.169682808
11,1.1171072413567447,0.9932778423379109,1.3095927235068987,3507.0,0.046899786
1,NaN,NaN,NaN,0.0,0.0
2,8.150193962397093,5.614351557986655,11.425843304597237,7021.0,0.070029894
3,4.191005279590865,2.6571044343243946,5.699738307656401,1193.0,0.015287735
4,7.1597925670492994,6.208939269886909,8.397733696187302,23366.0,0.271130464
5,0.3345109765677626,0.18904586675077353,0.4744673079543143,670.0,0.01175453
6,0.4893363620603866,0.36154629480451694,0.5764270986976425,1597.0,0.017118073
7,0.3326728077692128,0.18918029829171343,0.4269491104463485,1752.0,0.018993645
8,1.9177667812134271,1.574546386268089,2.3373742008024805,2752.0,0.035441642
9,0.20970058454030474,0.09750088239727052,0.34362340391063406,1460.0,0.020163093
10,5.346471269389284,4.561364903692684,5.93118972119607,14011.0,0.187306539
11,1.165584210348551,0.9583630901153442,1.362302949852666,3164.0,0.041226595
1,NaN,NaN,NaN,0.0,0.0
2,5.84217730008867,2.591989826569945,9.446228928039144,1523.0,0.021370856
3,4.979538104706117,3.6810568967921644,5.969634665783557,2069.0,0.030571097
4,9.230817507044396,8.25345215892007,9.760920274115584,25860.0,0.298084881
5,0.3802564972319684,0.24666521533630725,0.5007780735027865,2728.0,0.031764258
6,0.4430001044137777,0.37096705745232456,0.5574529107813366,1323.0,0.015149118
7,0.2938234489030797,0.21709055652279072,0.39702634574295553,2382.0,0.046596478
8,1.80846998189407,1.4334203068728155,2.2674108256898604,2082.0,0.045562796
9,0.2589967595634875,0.19755570497356878,0.31214252647501484,2125.0,0.048766342
10,5.4047827929390015,5.1533676875391325,5.77254376787617,13777.0,0.203827134
11,1.3801379530751612,1.2183101460708703,1.5408014852615701,3636.0,0.052141566
1,NaN,NaN,NaN,0.0,0.0
2,6.551313166366128,4.6112513937375,9.470351348798062,2970.0,0.039019316
3,3.7451847125466102,3.325144296952469,4.51127873395719,1662.0,0.021448565
4,8.879750764922592,8.26956908704893,9.831336550573313,60024.0,0.750118279
5,0.3361386348393348,0.2279125362937735,0.41401286974080687,3507.0,0.053542198
6,0.47750300872683765,0.3937292835947941,0.5881602421915803,2301.0,0.029252888
7,0.17174633072196616,0.10847547161850926,0.23563039329001442,940.0,0.012027528
8,1.9298580190107124,1.795805277043857,2.208319071021684,1532.0,0.023011185
9,0.30625677446371763,0.2061418211731597,0.4124874950402235,983.0,0.011814108
10,5.890412499480918,5.403598753903815,6.206328580170386,31576.0,0.460093952
11,1.150055398140006,1.0711006313274574,1.2344223772073963,5804.0,0.081326333
1,NaN,NaN,NaN,0.0,0.0
2,7.7892722062654824,5.39117906376933,9.429006095357447,5171.0,0.059542831
3,4.688329561573318,3.394521116625974,5.944740073960345,1416.0,0.014761421
4,8.942987097354262,8.414100110278921,9.912580389350676,33810.0,0.402537309
5,0.3595725751208471,0.24528343300370456,0.5169251409027992,1388.0,0.018719947
6,0.3914781878905644,0.30047217481184474,0.5143398798258662,1452.0,0.019169962
7,0.1898302929919237,0.14598949505067066,0.2342074089521846,996.0,0.015744886
8,2.1882828711994584,1.9659563839362006,2.522167947627302,3722.0,0.046685351
9,0.2533827891422077,0.16798789436068104,0.3357200021291738,1262.0,0.015921945
10,5.797665129739101,5.481932115137646,6.22578622304249,23756.0,0.329533658
11,1.1995397414404902,1.0458376469575659,1.2764068841732081,4005.0,0.051582367
1,NaN,NaN,NaN,0.0,0.0
2,9.712490527402618,5.687174786316866,13.398808050230617,9380.0,0.097030912
3,4.790719722778817,3.9416641232325,5.703064137199196,1934.0,0.018167678
4,8.783479614205978,8.020515302262853,9.398263824476023,70964.0,0.892235541
5,0.3178265613895075,0.20896465287768173,0.4357147716564242,843.0,0.008540169
6,0.43842809597330445,0.34103965107458145,0.5126169573977672,1670.0,0.025185802
7,0.2569845754212176,0.16625587451024043,0.32249996948561854,1811.0,0.021399578
8,1.9640772839258829,1.666379562467456,2.2142284824993266,4373.0,0.059441354
9,0.36038103408396777,0.27428885776834727,0.5447962931825503,1832.0,0.025519723
10,5.681193057979931,5.312865691912377,6.004156708409453,54663.0,0.830338098
11,1.209450169584602,1.0714597845357636,1.3355060957423444,8862.0,0.128796282
1,NaN,NaN,NaN,0.0,0.0
2,3.615167446448217,1.0312670823479793,6.8417873974756,67.0,0.00158316
3,3.8509814953424986,1.5440129707623562,6.635932050796681,523.0,0.005134002
4,0.6305653794003551,0.10577521623694325,1.2087117872773672,82.0,0.000908511
5,1.1249630601867826,0.3502445320530999,2.0508727523036865,185.0,0.001848464
6,1.8425163742153803,0.98627395794484,2.6111015137220996,201.0,0.002468655
7,1.1480995839010866,0.4903798557927831,2.450759389524707,161.0,0.003626387
8,3.3206291290005994,2.1492537905954325,5.503166212820905,365.0,0.004474702
9,3.422639061553229,2.8255716848700185,4.045946726646115,866.0,0.008428525
10,1.2958001997184276,0.9366760269251913,1.6861051030645655,882.0,0.013169494
11,0.4203606675679293,0.25080194950366874,0.6191877900003917,280.0,0.002748019
1,NaN,NaN,NaN,0.0,0.0
2,1.1281537487189666,0.511593312334722,3.100873151628268,39.0,0.001226536
3,5.143572192516155,3.4836949208272308,8.015716074962002,1246.0,0.010925808
4,0.3566858898954508,0.037415946115946494,1.1478911975483033,123.0,0.00116518
5,1.3829744578194016,0.694686393748386,2.1266331175854623,227.0,0.003362922
6,1.18654033082261,0.3847221256664122,1.6588992533055809,255.0,0.004689218
7,0.7727729951902452,0.4425991263576605,1.3642786889381149,266.0,0.003926217
8,3.481231332976779,1.6350203811226105,5.31916721304166,886.0,0.008151311
9,4.10909934671903,3.932320701373319,4.571914860135856,3052.0,0.031866639
10,1.8770904347151132,1.3891793219993165,2.470802624012273,781.0,0.01358913
11,0.6648036360372112,0.44629206368024643,0.8104438368787292,1340.0,0.019629941
1,NaN,NaN,NaN,0.0,0.0
2,4.108779073598019,1.390941161694405,6.6669487851381035,251.0,0.004697366
3,8.578292231140614,5.401145299000496,12.653210992079705,7947.0,0.099278307
4,0.3162513733146641,0.19077468518832374,0.48837561176863475,214.0,0.003638523
5,1.3419033481905285,0.8201372205948315,1.809538499545287,344.0,0.003797083
6,0.8625813938860565,0.5711389416910738,1.6244242606993649,206.0,0.002068991
7,0.8225401343549426,0.4841393113905288,1.315348659197664,190.0,0.003626576
8,4.3330974100702715,3.345093036124709,5.01194816166754,1585.0,0.021358344
9,3.736900668526532,3.382579023062407,4.176096348752917,2917.0,0.041586514
10,1.6980927137708235,1.439761028939777,1.9467362669838504,2491.0,0.034115808
11,0.6915118888552831,0.49289907564174185,0.8110608694595018,1640.0,0.021018735
1,NaN,NaN,NaN,0.0,0.0
2,5.772754487400026,2.242691308101437,11.44970356589231,1294.0,0.014210456
3,8.582398475751429,6.063861958957791,10.64433410793542,7490.0,0.092689579
4,0.7327106042360974,0.4251831078264709,1.103914387441056,305.0,0.003388225
5,1.1289035571430974,0.7722367316992298,1.3989284696855941,463.0,0.007565167
6,1.6132446451512554,1.1868376594677807,2.4430540152222937,433.0,0.005708999
7,0.5776747136743923,0.35490399824269325,0.7945894297926493,242.0,0.002835343
8,3.9864811478036897,3.3896651540905154,5.012395351197474,2952.0,0.036599267
9,3.094074939276102,2.766753967764665,3.4500540419209025,3968.0,0.059597334
10,1.754234876738256,1.5569569462966901,2.038131116204757,2896.0,0.040837404
11,0.6886066183148469,0.5862645932047076,0.8836419216219957,2658.0,0.038585129
1,NaN,NaN,NaN,0.0,0.0
2,2.1865965758667962,0.7726064507889054,3.850357584040051,95.0,0.002652854
3,7.948589078354862,7.018705388692292,9.28899075369981,4241.0,0.050397481
4,0.7205790117179692,0.4198062905279995,1.0766003238542943,144.0,0.001748841
5,1.2224811122408852,0.7710863932370283,1.7883009570153483,430.0,0.004425065
6,1.4745256046141153,1.0568311385526128,1.7966242652090525,529.0,0.007123336
7,0.570755800060336,0.41269928576062676,0.6947224010700164,368.0,0.008898508
8,4.07467501243241,3.2942028220069917,5.104912021965695,4611.0,0.065960345
9,3.1057914255742523,2.7248791835977046,3.680180604777731,2797.0,0.045811372
10,1.6920169688258855,1.4458656451990513,1.9777193070081682,2699.0,0.039326874
11,0.7081849151706688,0.544182139893548,0.8330990000315802,2475.0,0.034552797
1,NaN,NaN,NaN,0.0,0.0
2,1.350025565657657,0.5461604148054404,2.867940314620764,55.0,0.001092385
3,7.874423500259143,5.913167011955407,10.5088657836647,5442.0,0.070621117
4,0.8726746702048844,0.5020352090121816,1.2363068704845142,301.0,0.004648331
5,1.4867241712994492,1.1965964774570144,1.8115260981262478,855.0,0.007921962
6,1.5132578458049832,1.2336932777348917,1.7834025680410348,846.0,0.014206203
7,0.8114459714346841,0.5147441526264505,1.1318936161166653,407.0,0.004322026
8,4.4019879817776655,3.675855977914143,5.261672006227697,5192.0,0.065651482
9,3.2022314785578194,2.9237269970446103,3.5050002282281647,4478.0,0.062905548
10,1.6094369980650867,1.33427849749157,1.8024123522243483,6649.0,0.09060278
11,0.5788724995179437,0.44392259562937797,0.7206460012007447,4131.0,0.055072657
1,NaN,NaN,NaN,0.0,0.0
2,4.110290089655221,1.9868725629665782,6.280458840363734,386.0,0.004058117
3,6.929072965061984,5.545242672637134,8.182696528518473,4585.0,0.052738069
4,0.813467762904415,0.5581293788104036,1.110130178872176,418.0,0.006896663
5,1.8871766951459015,1.275801505275891,2.3777933667515243,569.0,0.005699893
6,1.3737924259962686,0.9221393173503127,1.7881803001713146,481.0,0.004045681
7,0.6776528573026839,0.39107929747777126,0.8601539387198669,917.0,0.011500221
8,3.635989807749425,3.0696581266611216,4.125290951509766,6513.0,0.083220328
9,3.382681539127668,2.8964673048869694,3.819750915448116,5573.0,0.073218198
10,1.7885731693352636,1.59499082647054,1.9436267360369193,5691.0,0.084086356
11,0.5930282933975901,0.4390166874924018,0.6881795846857266,3436.0,0.066366621
1,NaN,NaN,NaN,0.0,0.0
2,2.070721645877733,1.4220778070452034,2.7758900369818704,139.0,0.003431326
3,7.177407964132638,6.296692915772201,8.93434703704478,7621.0,0.10064493
4,0.7821577893427187,0.5624481535513333,0.9791380068046018,422.0,0.004317158
5,1.750596983446118,1.4691554879423565,2.2271395165995527,692.0,0.006196895
6,1.4365223485625864,1.1505529462981494,1.6681110694241956,581.0,0.006974495
7,0.6643980391269657,0.3972655593645014,0.9225322627447068,769.0,0.007325451
8,3.889575642894786,3.4605915821859177,4.72757084462796,4264.0,0.051773588
9,3.4963858421394223,3.05931214927843,3.8749087920584433,10679.0,0.144080709
10,1.5555861534105904,1.4575456546995404,1.7160427201015298,2963.0,0.038168203
11,0.5898071869252252,0.4610840287972659,0.7040334091247348,3920.0,0.053980169
1,NaN,NaN,NaN,0.0,0.0
2,2.643777287756086,1.7812105935444014,4.514557012309536,356.0,0.00528549
3,7.312676638098641,6.079849552554138,8.574643348585472,8351.0,0.089130818
4,0.6716173857721375,0.4699750333168856,0.8378499447888121,373.0,0.00316937
5,1.473740411856992,1.090447141982505,1.9930449480499264,947.0,0.013153713
6,1.448782573469097,1.1863716714455044,1.8653626514795434,681.0,0.009363258
7,0.6281716831113957,0.4149307872427163,0.9532093131526672,622.0,0.006158749
8,3.7126985081999258,3.4307467613648956,4.092759659936773,6950.0,0.087446733
9,3.251116984179176,2.861288305958437,3.835207940671583,6928.0,0.097907616
10,1.6015145504151884,1.355107505579861,1.8302018192331748,4015.0,0.053785127
11,0.6373976505216845,0.540754206646447,0.7359509601486395,3100.0,0.043832683
