week,meanRt,lowerRt,upperRt,totalIterations,runTime,reportedIncidence,trueR
1,NaN,NaN,NaN,0.0,0.0,1.0,6.812074694626893
2,2.984056885195423,0.3666733368749204,7.844172925738074,4683.0,1.128963069,1.0,3.2467277948457935
3,5.22923761198397,1.8313146723605265,10.470775881352907,26208.0,0.382739793,5.0,7.692910632019346
4,5.730028805245994,3.3750775791205547,8.536943032301327,78722.0,1.076094826,16.0,5.700018737658329
5,0.5773674189651671,0.15806607686072796,1.241124090606606,23776.0,0.400062397,3.0,0.6225019932868998
6,1.5224006098861285,0.7822390673739892,2.514943099562298,40128.0,0.636453845,11.0,2.1834579754485217
7,0.5956252699558685,0.1729174858906265,1.2296842994290051,31522.0,0.638479042,4.0,0.8222544756682321
8,1.0444104139783748,0.44631144033181475,1.8788963058374695,32869.0,0.717770274,7.0,0.5852131862030225
9,5.2226702473710125,3.7778709880263746,6.868232489119374,198668.0,4.90522612,46.0,4.3930702620204745
10,1.4726614357180858,0.9406857088732717,2.0697499934894963,101060.0,2.417384638,27.0,1.534279639207989
11,4.046042817880581,3.333095144300413,4.8054186183959535,437778.0,9.600532172,124.0,3.83893313998379
1,NaN,NaN,NaN,0.0,0.0,2.0,6.812074694626893
2,2.9642211453945992,0.6446329279564832,7.012175872005507,7621.0,0.127060997,2.0,3.2467277948457935
3,2.4069636673266674,0.7125400763803978,5.308773683506721,11460.0,0.157702455,3.0,7.692910632019346
4,9.42669841823683,6.347064092376893,13.184818588873892,362851.0,5.230723438,32.0,5.700018737658329
5,0.6399005732911519,0.24240673091878412,1.1840225106655484,41175.0,0.653498445,6.0,0.6225019932868998
6,2.3427293426786298,1.598607063254835,3.1403785349927755,112048.0,2.207723471,34.0,2.1834579754485217
7,0.5644685237984716,0.2777015338308969,0.9179986213549601,69295.0,1.286223171,10.0,0.8222544756682321
8,0.5395361787246755,0.22951369447780232,0.9169564784599749,66048.0,1.447214517,9.0,0.5852131862030225
9,5.0594235810802815,4.12285999385646,6.128914027247861,418120.0,9.093977345,97.0,4.3930702620204745
10,1.445632023925714,1.0891559196667775,1.8681172524815874,211790.0,5.159242039,56.0,1.534279639207989
11,3.529596961286845,3.039647016631922,4.049299528600061,715588.0,16.40928496,217.0,3.83893313998379
1,NaN,NaN,NaN,0.0,0.0,1.0,6.812074694626893
2,2.839343910560188,0.3429273726530723,7.830522566719212,4553.0,0.104272554,1.0,3.2467277948457935
3,8.782970368624227,4.523994840388449,14.529210383882164,137725.0,1.845987864,11.0,7.692910632019346
4,7.522298049520726,5.319221432031894,10.15010855202594,259941.0,4.342679942,39.0,5.700018737658329
5,0.9024982493323194,0.48471112578557535,1.4317035007633643,62984.0,0.983565383,13.0,0.6225019932868998
6,1.7325066885538787,1.211747933140737,2.3493809648083066,119910.0,2.140276182,35.0,2.1834579754485217
7,0.6568995722866542,0.381382765427007,1.0181418634132737,94349.0,2.031724596,15.0,0.8222544756682321
8,0.902065965807736,0.5572305450400251,1.310881482449825,99298.0,2.155987006,20.0,0.5852131862030225
9,5.115524368161776,4.307350588844113,6.032097090143198,580298.0,13.072565806,139.0,4.3930702620204745
10,1.6543437618215076,1.3320367263990158,2.0450427190259637,330402.0,7.464698944,95.0,1.534279639207989
11,3.5457017726577256,3.1602545383565497,3.9641692361504064,1.081024e6,24.149307133,334.0,3.83893313998379
1,NaN,NaN,NaN,0.0,0.0,3.0,6.812074694626893
2,0.8598629577605517,0.032028068307192605,3.2866591048259712,3612.0,0.108899696,0.0,3.2467277948457935
3,8.093313365561325,4.408725058300033,12.647392968540517,135936.0,1.878679864,14.0,7.692910632019346
4,7.434140423453128,5.451263377246083,9.825102318056418,322849.0,4.929860924,49.0,5.700018737658329
5,0.9347836529920122,0.5451214727973289,1.4174625890753376,82868.0,1.325940498,17.0,0.6225019932868998
6,2.1398102575751983,1.643631377618716,2.7097528704636895,184076.0,3.530572297,56.0,2.1834579754485217
7,0.9469973813566176,0.663284017405609,1.30413631166047,149334.0,3.138743969,32.0,0.8222544756682321
8,0.6708978941964265,0.4332885277069933,0.9309626405428835,144167.0,3.252435993,24.0,0.5852131862030225
9,4.421718095933678,3.756912972719947,5.152286217112528,660109.0,14.181668564,181.0,4.3930702620204745
10,1.3625434604711884,1.1247804260720948,1.6362246684299362,381032.0,8.495841798,105.0,1.534279639207989
11,3.8049806692685477,3.4568726771068863,4.177818127231707,1.464758e6,32.666251566,455.0,3.83893313998379
1,NaN,NaN,NaN,0.0,0.0,1.0,6.812074694626893
2,4.194175958008019,0.8434612945958692,10.64085823491243,9888.0,0.213089646,2.0,3.2467277948457935
3,9.616626169912086,5.499493799812357,15.407520517160792,240477.0,3.574539816,17.0,7.692910632019346
4,7.806297003461075,5.889190797958275,10.085381109106255,441355.0,6.255936571,63.0,5.700018737658329
5,0.730451716990766,0.40315942601796617,1.1079348817335983,90636.0,1.679821508,17.0,0.6225019932868998
6,2.276384581996518,1.7815535376040426,2.8266440734106704,238845.0,4.002424211,74.0,2.1834579754485217
7,0.677760098706052,0.442443631340658,0.9466760533552181,169952.0,3.693828256,28.0,0.8222544756682321
8,0.5590833078873915,0.35971251705969853,0.811695724183863,164423.0,3.709854104,23.0,0.5852131862030225
9,4.94214704761889,4.314754974616466,5.63795220256774,825757.0,17.422066775,224.0,4.3930702620204745
10,1.6460507217918743,1.3925709100912482,1.9070884102422092,494885.0,11.512355772,151.0,1.534279639207989
11,3.6878090955160263,3.3663656717628334,3.9845369746564234,1.908898e6,42.591031825,560.0,3.83893313998379
1,NaN,NaN,NaN,0.0,0.0,2.0,6.812074694626893
2,2.9446773094367265,0.6302101862024094,7.390215009019454,7697.0,0.147494599,2.0,3.2467277948457935
3,9.680145056893197,5.948321572655571,14.25165702250185,312584.0,4.488228822,22.0,7.692910632019346
4,8.060209055545615,6.294072658683161,9.957557935731607,667996.0,9.543684216,84.0,5.700018737658329
5,0.6499512888771793,0.4185843676665957,0.9273924295095459,125228.0,2.205603649,20.0,0.6225019932868998
6,1.9193148198668741,1.5318172064229394,2.3119428654960283,275363.0,4.871696497,79.0,2.1834579754485217
7,0.6717465440945911,0.45802788912508285,0.9148542361770993,208603.0,4.084916701,33.0,0.8222544756682321
8,0.6880439521224334,0.4837632151573491,0.9475826781959825,200000.0,4.241536181,33.0,0.5852131862030225
9,4.857245948909107,4.312576063042007,5.479953224046244,1.030143e6,22.353639607,262.0,4.3930702620204745
10,1.5253711786772195,1.3079829540709411,1.7794563836396544,576256.0,13.315813758,167.0,1.534279639207989
11,3.6006365016094186,3.326704729259088,3.890395466689814,2.035666e6,45.325657266,629.0,3.83893313998379
1,NaN,NaN,NaN,0.0,0.0,4.0,6.812074694626893
2,3.0297592370706807,0.9981177691174956,6.2023911101544345,14066.0,0.224185735,4.0,3.2467277948457935
3,8.119791201738098,5.4482675596757115,11.577460809420156,256225.0,3.593867365,31.0,7.692910632019346
4,6.382382754593231,5.049047816656248,7.8662772043212215,489642.0,6.975840192,92.0,5.700018737658329
5,0.5497791792499893,0.33887177701778787,0.8215978086080017,139356.0,2.247888817,20.0,0.6225019932868998
6,2.1254634901291594,1.731427262592097,2.5562486276385856,320421.0,5.598490053,99.0,2.1834579754485217
7,0.7248545498952135,0.5246881246402416,0.9438992482739496,223814.0,4.273154799,42.0,0.8222544756682321
8,0.7094783683186259,0.5245616374866808,0.9519237977239934,233237.0,5.107330388,42.0,0.5852131862030225
9,4.7779340013569955,4.263516740947604,5.317735037995866,1.193476e6,25.607569668,317.0,4.3930702620204745
10,1.5038066017973233,1.29547262960271,1.72390965073374,692921.0,15.719101747,200.0,1.534279639207989
11,3.6841543424156593,3.4194216146022445,3.947493244680229,2.522397e6,56.030224688,780.0,3.83893313998379
1,NaN,NaN,NaN,0.0,0.0,5.0,6.812074694626893
2,2.552410072076979,0.7315081146155542,5.162921953842281,12908.0,0.222313776,4.0,3.2467277948457935
3,8.058577098804765,5.419121083528201,11.093280863978118,304507.0,4.464410263,35.0,7.692910632019346
4,6.6850184794430145,5.455647673311281,7.960862861424973,587371.0,8.708474374,111.0,5.700018737658329
5,0.5155507492085665,0.329764220572384,0.7309994524065859,165818.0,2.605627272,22.0,0.6225019932868998
6,2.109342079591333,1.747233054905827,2.4854174549537955,407108.0,7.075930446,117.0,2.1834579754485217
7,0.6896057299446937,0.5173430075729712,0.8964169174625017,273768.0,5.50449325,47.0,0.8222544756682321
8,0.5934778343784911,0.42630849270701515,0.7835581514036968,255968.0,5.348926952,40.0,0.5852131862030225
9,4.948454277019561,4.41986879527237,5.474527687089243,1.515971e6,31.96684604,368.0,4.3930702620204745
10,1.5325639170151566,1.3423601521456199,1.7446042521131457,829164.0,19.516916677,232.0,1.534279639207989
11,3.651751847010214,3.419854078455787,3.9059708921601004,3.084572e6,68.691043057,888.0,3.83893313998379
1,NaN,NaN,NaN,0.0,0.0,4.0,6.812074694626893
2,3.5087816862609755,1.3431034717092283,6.834813072681108,17963.0,0.301741026,5.0,3.2467277948457935
3,8.070251239985001,5.491054876901165,11.238208291796118,276363.0,3.869289443,34.0,7.692910632019346
4,7.201331757907661,5.944628704549905,8.631343415394538,718012.0,10.355909193,120.0,5.700018737658329
5,0.7254086039342621,0.5001073810330543,0.9857243101014883,190028.0,3.316319003,33.0,0.6225019932868998
6,2.131355784808027,1.7959026467752386,2.518338312748641,422163.0,7.049873406,132.0,2.1834579754485217
7,0.691217750548677,0.5304990222380532,0.8807243214938031,305411.0,5.97540455,54.0,0.8222544756682321
8,0.5430942141236872,0.39244771806942497,0.7045446058932291,297087.0,6.118237156,42.0,0.5852131862030225
9,4.8763226318996455,4.44079339222622,5.3483122891985575,1.684802e6,36.136191531,409.0,4.3930702620204745
10,1.561762351779365,1.3762165954153343,1.7634561638484922,937441.0,21.442553082,263.0,1.534279639207989
11,3.660244817472063,3.4383176994649114,3.8815464894025924,3.255416e6,72.6599369,996.0,3.83893313998379
1,NaN,NaN,NaN,0.0,0.0,1.0,2.6940582912825417
2,1.646272098721433,0.03614060255505188,5.905472132520806,1876.0,0.120504955,0.0,1.8059905480259408
3,4.101165030857142,0.8267414412016596,10.622747865896395,9098.0,0.128131594,2.0,9.314403094687684
4,0.8960402755517612,0.030476802349762917,3.371197450115116,3395.0,0.066883821,0.0,0.7392724256498997
5,6.377302853380825,3.0474072001284696,11.27253342289684,52727.0,1.090145808,8.0,4.708184686696695
6,1.2433015667510616,0.3264562692128554,2.638817530539411,14058.0,0.288393494,3.0,0.819737961822654
7,0.5043750308597252,0.06217480649017605,1.348055630937863,13771.0,0.255147786,1.0,0.2974066181013883
8,1.7289881654621442,0.6210937920329531,3.4500542611953056,19258.0,0.707512882,5.0,1.4156110263353947
9,2.736983274426225,1.3970913469857393,4.486339417768225,34183.0,0.811248336,10.0,2.381713616238322
10,6.755602207468626,4.998743570499439,8.81681165847111,298980.0,6.820130596,52.0,8.064731782960957
11,3.8036488832565927,3.0528269515287167,4.664611774770519,299930.0,6.970003106,87.0,4.683206852058786
1,NaN,NaN,NaN,0.0,0.0,1.0,2.6940582912825417
2,4.215242198521477,1.027729871429452,10.447871541590073,9540.0,0.156129464,2.0,1.8059905480259408
3,5.833710860038723,2.614435432836082,10.021579180627098,40692.0,0.558217396,8.0,9.314403094687684
4,1.1809219099494335,0.33947442473086287,2.517405089367753,14795.0,0.237076278,3.0,0.7392724256498997
5,3.224275164779356,1.8457105735692465,5.07032657074185,51078.0,0.833334125,15.0,4.708184686696695
6,0.9181767416047735,0.38081933239670424,1.7915832255572939,32537.0,0.615762089,6.0,0.819737961822654
7,0.24008891467042437,0.030137254869576083,0.6633862430470712,26888.0,0.815356716,1.0,0.2974066181013883
8,1.3924767563495057,0.6216807025750052,2.3499849257801917,32104.0,0.708217167,8.0,1.4156110263353947
9,1.739368060937094,0.9261025039769165,2.8874161270062637,36462.0,0.853431367,10.0,2.381713616238322
10,7.1436570776970285,5.499783693944236,9.049364446164805,433591.0,10.088370704,73.0,8.064731782960957
11,5.096160501097238,4.340568088377347,5.941669243269001,687078.0,15.557485703,166.0,4.683206852058786
1,NaN,NaN,NaN,0.0,0.0,2.0,2.6940582912825417
2,1.1102229924618316,0.022437380744937247,4.1033333267291745,2749.0,0.092098212,0.0,1.8059905480259408
3,5.006709351307934,1.7501929271869363,9.94079833054935,24471.0,0.361389202,5.0,9.314403094687684
4,0.916937188079542,0.11403025421297616,2.5406907995086656,7860.0,0.402680724,1.0,0.7392724256498997
5,6.588420316088095,4.028347138667923,9.598529123040617,129431.0,2.043852036,21.0,4.708184686696695
6,1.0191548207748766,0.447593736357443,1.8975340320338379,32291.0,0.818522457,7.0,0.819737961822654
7,0.3060861031223815,0.07305258660231641,0.7030477071190273,32294.0,0.661858599,2.0,0.2974066181013883
8,1.5770631154928763,0.8733923918615969,2.457964886506941,44552.0,0.97615079,12.0,1.4156110263353947
9,2.4231058070262312,1.5047530511087357,3.4970838229368457,69701.0,1.796290825,21.0,2.381713616238322
10,6.992993417794284,5.761909816120058,8.292881658268358,716184.0,16.060784638,120.0,8.064731782960957
11,5.131175962539585,4.522898435185849,5.73020672852871,1.195352e6,26.507860641,285.0,4.683206852058786
1,NaN,NaN,NaN,0.0,0.0,1.0,2.6940582912825417
2,1.5953423084588245,0.03457700311960416,5.826753191278667,1904.0,0.076654909,0.0,1.8059905480259408
3,8.598464450516376,3.722653907299058,16.254268203608657,107044.0,1.634934052,7.0,9.314403094687684
4,0.813219980486193,0.10044285555081714,2.3162016958653964,8908.0,0.132534362,1.0,0.7392724256498997
5,7.153786445362871,4.864843521580555,10.028061171080887,196995.0,3.302493641,29.0,4.708184686696695
6,0.8552964191000961,0.4025947708155039,1.509657132492502,43427.0,1.002679523,8.0,0.819737961822654
7,0.165057720632408,0.021232611367410694,0.45639486772516424,39637.0,0.741500104,1.0,0.2974066181013883
8,1.3063051408473432,0.7297574581246702,2.1108711847631962,50345.0,1.296309042,12.0,1.4156110263353947
9,2.9964870379990542,2.1079021652688894,4.217001428568047,95046.0,2.23954832,30.0,2.381713616238322
10,7.587312230954194,6.3735450913309295,8.892195476867784,1.057843e6,23.983229757,164.0,8.064731782960957
11,4.537978610532689,4.030136736976499,5.073316381036928,1.176263e6,26.501350226,327.0,4.683206852058786
1,NaN,NaN,NaN,0.0,0.0,2.0,2.6940582912825417
2,3.7640434381963916,1.0108045817831322,8.54494587310962,11665.0,0.187908408,3.0,1.8059905480259408
3,5.61282477340994,2.9538599928307505,9.062187623102462,57935.0,0.818981257,12.0,9.314403094687684
4,0.9429331731480898,0.32463788516578634,1.9448503759038158,20996.0,0.312885457,4.0,0.7392724256498997
5,3.992771086418002,2.707866759835488,5.706178849924252,105185.0,1.707642312,29.0,4.708184686696695
6,0.759746731202273,0.3556290537929339,1.31240455069308,50147.0,1.143923518,9.0,0.819737961822654
7,0.2128581069197686,0.04624247392614023,0.523856461823112,44662.0,0.833017437,2.0,0.2974066181013883
8,1.7285427957233335,1.0507550720764454,2.5772695867915383,68318.0,1.653141411,19.0,1.4156110263353947
9,2.0707519908858707,1.3342092891418318,2.9770233535450763,85642.0,2.020592103,25.0,2.381713616238322
10,8.544046184848924,7.327219475977872,9.955314449265149,1.777774e6,39.735485027,208.0,8.064731782960957
11,4.877822809958425,4.405684769741044,5.376484073444303,1.592982e6,35.412554573,430.0,4.683206852058786
1,NaN,NaN,NaN,0.0,0.0,3.0,2.6940582912825417
2,2.3457188060667966,0.5112416666717573,5.866046480243834,7906.0,0.215881156,2.0,1.8059905480259408
3,5.440424136045691,2.7730261145452118,9.16447758921346,56817.0,0.707061321,12.0,9.314403094687684
4,0.5851705610687971,0.1141520301114394,1.3565386306499567,17256.0,0.584665024,2.0,0.7392724256498997
5,5.090750820703417,3.595776869889117,6.9201450526672525,142229.0,2.584688566,35.0,4.708184686696695
6,0.927544758498058,0.49275136084813664,1.468273327187218,59936.0,0.986836772,12.0,0.819737961822654
7,0.3086351100225474,0.10326361595643949,0.6426974011414092,56745.0,1.167553191,4.0,0.2974066181013883
8,1.5060509911836195,0.9303666832238175,2.2018369562101974,74417.0,1.794841206,20.0,1.4156110263353947
9,2.1238415727078093,1.461277933859653,2.9259597442046594,103364.0,2.416133572,31.0,2.381713616238322
10,8.477787869838737,7.411181732892397,9.65884102172604,2.120596e6,47.562450846,245.0,8.064731782960957
11,5.0173451115983925,4.597102169066495,5.44093856341176,2.096021e6,46.8303482,526.0,4.683206852058786
1,NaN,NaN,NaN,0.0,0.0,2.0,2.6940582912825417
2,2.9627672695041762,0.6160494548464932,6.788114877734532,7838.0,0.1478618,2.0,1.8059905480259408
3,7.100069724993624,3.8834362283647086,11.562310206838719,100056.0,1.404698004,14.0,9.314403094687684
4,1.120773697035082,0.4207628431405051,2.1864668955226074,23435.0,0.567963937,5.0,0.7392724256498997
5,4.842702513320687,3.476570888018791,6.342663492294035,157012.0,2.76056342,41.0,4.708184686696695
6,0.9280788906916528,0.512807740447117,1.4458383451056585,72601.0,1.208382437,15.0,0.819737961822654
7,0.2467910286025599,0.08367508091836554,0.5214669920625764,66571.0,1.354432172,4.0,0.2974066181013883
8,1.284940258440621,0.7611197205983731,1.8770460406818223,81040.0,1.954328913,20.0,1.4156110263353947
9,2.579655920392163,1.892823247576337,3.432068557227628,130247.0,2.86732566,43.0,2.381713616238322
10,8.61281440507375,7.591158494634476,9.662434707648472,2.65434e6,60.087003449,306.0,8.064731782960957
11,4.844542151001855,4.478063996372314,5.236454544917291,2.431818e6,53.906964753,629.0,4.683206852058786
1,NaN,NaN,NaN,0.0,0.0,2.0,2.6940582912825417
2,3.0291108657187213,0.613707265087393,7.59346882170124,7992.0,0.14877102,2.0,1.8059905480259408
3,8.105839433939874,4.70021148653153,12.555629962915802,153974.0,2.08383863,17.0,9.314403094687684
4,1.1093895352778718,0.43333661740599444,2.1015522633771293,26377.0,0.397314197,6.0,0.7392724256498997
5,5.198985704072941,3.9198895330982073,6.701054642802336,243989.0,3.98746257,54.0,4.708184686696695
6,0.8951099384008867,0.54187192430844,1.3260995966257476,88937.0,1.760777299,19.0,0.819737961822654
7,0.2681393645469255,0.10880814243880328,0.49726422570480083,78052.0,1.560315495,6.0,0.2974066181013883
8,1.3054525897178118,0.8691810058002633,1.8213607257581979,105212.0,2.367239808,27.0,1.4156110263353947
9,2.0488295536550103,1.5288448803288148,2.680390346901679,151554.0,3.953707532,44.0,2.381713616238322
10,8.376384437210287,7.413909274984188,9.374903518354852,2.719738e6,60.847610474,344.0,8.064731782960957
11,4.8459818933989665,4.488717054855186,5.222511379349403,2.623993e6,58.233381794,710.0,4.683206852058786
1,NaN,NaN,NaN,0.0,0.0,3.0,2.6940582912825417
2,3.045306209638764,0.8067144754165818,7.0432919499890785,11518.0,0.198740995,3.0,1.8059905480259408
3,6.605291303449095,3.824230255532135,10.16579330842395,110312.0,1.833013685,18.0,9.314403094687684
4,1.102679920627737,0.4963098864197774,2.0086231128766645,30804.0,0.47216852,7.0,0.7392724256498997
5,5.041311707415212,3.783183552470524,6.407449872357449,249607.0,4.060084854,58.0,4.708184686696695
6,0.8309252461394614,0.4916682747050222,1.2935196523128816,99051.0,1.68179886,19.0,0.819737961822654
7,0.21759377926889423,0.08096656857811825,0.42775328334886953,88011.0,1.913490615,5.0,0.2974066181013883
8,1.3553535929112066,0.8937518562809448,1.907023465052205,115001.0,2.415935956,29.0,1.4156110263353947
9,2.41057734886189,1.798180733757193,3.0954515098399957,165627.0,4.042879036,55.0,2.381713616238322
10,8.24589636888909,7.327750233710974,9.09575230169836,3.15035e6,70.364986906,381.0,8.064731782960957
11,4.928491890553937,4.577905271547514,5.256299937727914,3.019315e6,66.989908499,812.0,4.683206852058786
1,NaN,NaN,NaN,0.0,0.0,1.0,13.582809955404983
2,4.2389552086068605,0.9471852242945825,10.389811591684994,9983.0,0.164028404,2.0,4.953182467918399
3,4.778040955535085,1.8337507841088745,9.029264096243368,26532.0,0.367907576,6.0,6.949999849738115
4,2.5742405102644303,0.9930400011179067,4.727843833796939,22939.0,0.345823267,7.0,2.98497703337273
5,2.2664797817936355,1.1347517565494558,3.7074924361527435,35758.0,0.608016218,11.0,2.376368667769844
6,3.070741288421491,1.9931178134346903,4.349089830793096,83025.0,1.510856983,25.0,2.138407738639522
7,3.892436543477925,2.9670283572976404,4.938249868575857,214579.0,4.428313281,61.0,4.311246387734876
8,0.3725546582674123,0.1851534557372924,0.6283392094577122,98937.0,2.026529663,10.0,0.23984010914923082
9,6.080410583332779,5.273738192501895,6.923365332152649,1.115273e6,23.600445045,244.0,5.893167319471191
10,2.182327723613313,1.9070189111301858,2.480186146070684,676143.0,15.336753121,211.0,2.5899808039242633
11,0.31628667946580463,0.23687129571711646,0.41782920974072474,508467.0,11.305111262,46.0,0.2859536466768096
1,NaN,NaN,NaN,0.0,0.0,1.0,13.582809955404983
2,4.347306107479403,0.8845953359577179,11.013461108222721,9870.0,0.159108376,2.0,4.953182467918399
3,10.051854147409722,5.762424700882526,15.997405930303747,298905.0,4.151563636,18.0,6.949999849738115
4,1.9639778564683796,1.0290257042483224,3.2288472406354227,38527.0,0.534750494,12.0,2.98497703337273
5,2.473825234321954,1.6370631077977977,3.446636114188159,81749.0,1.336486755,27.0,2.376368667769844
6,2.247372541441212,1.591111244276808,3.011841071747288,124280.0,2.232611672,39.0,2.138407738639522
7,4.272616910233497,3.513850934687953,5.035049123523174,463707.0,8.976468059,129.0,4.311246387734876
8,0.1937155490779872,0.09727018647760892,0.33212248961041924,183241.0,4.073805202,10.0,0.23984010914923082
9,5.599304031218587,5.0459831681527545,6.175798676320406,1.786501e6,37.561354215,419.0,5.893167319471191
10,2.5652641817530566,2.310060469073346,2.8277910071746195,1.326265e6,29.777925856,446.0,2.5899808039242633
11,0.287392397105285,0.2281392662129993,0.3509230670991093,932348.0,20.813576125,79.0,0.2859536466768096
1,NaN,NaN,NaN,0.0,0.0,2.0,13.582809955404983
2,3.8710127272867956,0.9806503043791264,8.418822805261135,12666.0,0.199149516,3.0,4.953182467918399
3,9.12405647843504,5.7437546229883125,13.52765221708401,289631.0,4.107514859,24.0,6.949999849738115
4,2.7689414923980653,1.8140393538963864,3.965058324976108,75220.0,1.328987126,25.0,2.98497703337273
5,2.3020886679025843,1.6827936366552987,3.05731711150387,127852.0,2.094263407,40.0,2.376368667769844
6,1.9226116628964454,1.4095151033901037,2.467210018610359,165169.0,2.77662306,52.0,2.138407738639522
7,3.9758254020307056,3.3913880640176908,4.640175388176866,590374.0,11.409673947,173.0,4.311246387734876
8,0.2308972147917716,0.13761380140244114,0.34110742283854084,261676.0,5.651459889,17.0,0.23984010914923082
9,6.306579936214283,5.81897379132979,6.825580468357893,3.40062e6,72.033774303,673.0,5.893167319471191
10,2.6292336469929873,2.4416919786525777,2.8360594384610622,2.191935e6,49.724243503,709.0,2.5899808039242633
11,0.2730948611872165,0.224890561797297,0.3192424351675112,1.478794e6,33.194813704,120.0,0.2859536466768096
1,NaN,NaN,NaN,0.0,0.0,3.0,13.582809955404983
2,3.0410651554517534,0.6911845482669319,6.941423940541313,10586.0,0.233920157,3.0,4.953182467918399
3,9.84488868745553,6.516939812472828,13.714158858644332,439770.0,5.985702339,32.0,6.949999849738115
4,2.134696493898302,1.3660540444155176,2.981917193620661,73977.0,1.082180803,24.0,2.98497703337273
5,2.7561196647814725,2.1056324763896783,3.4769925857994903,176104.0,2.85427633,57.0,2.376368667769844
6,1.927732672812601,1.5015513868946517,2.4295795870065886,213166.0,3.60481424,65.0,2.138407738639522
7,4.539088037037449,4.014254904450466,5.117650934483915,959217.0,18.379865669,258.0,4.311246387734876
8,0.20941318028559888,0.13854268616062823,0.3070820282176163,369415.0,7.450240247,22.0,0.23984010914923082
9,5.945596417985045,5.573021584696777,6.345233398577419,4.277044e6,90.627590582,889.0,5.893167319471191
10,2.4844425858067565,2.318667282560522,2.6507467101080717,2.898205e6,65.082255383,896.0,2.5899808039242633
11,0.2861029271651459,0.24216130867501534,0.3316500868256345,1.909818e6,42.557512223,163.0,0.2859536466768096
1,NaN,NaN,NaN,0.0,0.0,2.0,13.582809955404983
2,6.188931300246603,2.3776082600278374,12.364578514746112,34892.0,0.478490277,6.0,4.953182467918399
3,9.76315296786405,6.855621664926542,13.261749286879207,481733.0,6.674340291,38.0,6.949999849738115
4,2.424518790189829,1.704578021311027,3.2897938331242718,103701.0,1.482586819,34.0,2.98497703337273
5,2.438831981837979,1.8640309771769263,3.0638774777118667,196057.0,3.307269872,64.0,2.376368667769844
6,1.9523619342482565,1.546686753723907,2.3998517414699947,266714.0,4.686622391,81.0,2.138407738639522
7,4.273233453672024,3.7919044971148947,4.801513257096527,1.07254e6,20.155852062,291.0,4.311246387734876
8,0.20477055233838443,0.13323656433890677,0.29088903168528757,419928.0,8.570808021,25.0,0.23984010914923082
9,6.401933111900764,6.024923168963952,6.804472232539233,5.88292e6,125.038652842,1125.0,5.893167319471191
10,2.6218709880179953,2.4734871894310393,2.772419587912328,3.622941e6,80.873147715,1175.0,2.5899808039242633
11,0.27764638083696425,0.24081037866363902,0.31631390350339905,2.462018e6,54.955168571,202.0,0.2859536466768096
1,NaN,NaN,NaN,0.0,0.0,4.0,13.582809955404983
2,4.06480139325243,1.5805677488083072,7.769280950758717,22656.0,0.376647626,6.0,4.953182467918399
3,9.142326730908131,6.573075382442701,12.26074800263953,476995.0,6.824164451,45.0,6.949999849738115
4,2.416551797623538,1.7656479172558923,3.1194269293331405,128630.0,2.028238353,41.0,2.98497703337273
5,2.4038152728355344,1.9135569736731177,2.9583830838396215,232168.0,3.798826303,75.0,2.376368667769844
6,1.9545015849545735,1.600112745342908,2.354058822096811,308493.0,5.381908715,96.0,2.138407738639522
7,4.59837142213764,4.175138889081603,5.073487977499626,1.359098e6,25.821476741,378.0,4.311246387734876
8,0.19354962832437156,0.1354816949119313,0.26411783515946213,519935.0,10.753451923,30.0,0.23984010914923082
9,5.862625098499418,5.535450967071001,6.181943126922812,6.145678e6,130.780457623,1274.0,5.893167319471191
10,2.669681702750903,2.5321265832880204,2.811389925362093,4.309956e6,96.601337851,1397.0,2.5899808039242633
11,0.2643190945599398,0.23087422841178737,0.30144103485526297,2.836162e6,63.498357743,226.0,0.2859536466768096
1,NaN,NaN,NaN,0.0,0.0,7.0,13.582809955404983
2,3.2464654637515764,1.472115967374239,5.677564910078453,27245.0,0.417087911,8.0,4.953182467918399
3,7.88604389537312,5.956906262852684,10.233787040578648,417873.0,5.59299862,54.0,6.949999849738115
4,2.2349954289536975,1.6204856992581425,2.853495121446319,140671.0,2.179801473,46.0,2.98497703337273
5,2.6129439397862386,2.1050834852877487,3.1589706905712407,314842.0,5.293128156,97.0,2.376368667769844
6,2.024978141746689,1.6824052911063123,2.3875927858748214,388782.0,6.712089478,122.0,2.138407738639522
7,4.211978373861812,3.824154410675342,4.641169089185896,1.586339e6,29.706087811,425.0,4.311246387734876
8,0.2230390030179595,0.16271861529227166,0.2963077639168355,634684.0,13.11215207,41.0,0.23984010914923082
9,5.976956431648301,5.671890165324792,6.295345795505295,7.703343e6,163.116689882,1513.0,5.893167319471191
10,2.624304779958835,2.492139154641763,2.750083127795976,4.757672e6,106.813543294,1620.0,2.5899808039242633
11,0.26821002116026177,0.2376846318912883,0.30149800036009905,3.538188e6,78.807976081,268.0,0.2859536466768096
1,NaN,NaN,NaN,0.0,0.0,6.0,13.582809955404983
2,4.39628079176075,2.1658045039154064,7.466681206744307,35755.0,0.5016366,10.0,4.953182467918399
3,8.18146868368456,6.086725626732312,10.519493188699206,469610.0,6.657105482,59.0,6.949999849738115
4,2.3067159548188085,1.758209193191578,2.9497039802561384,167820.0,2.44067246,53.0,2.98497703337273
5,2.6503900623006453,2.1968992417422224,3.1701924737364773,349562.0,6.312991538,111.0,2.376368667769844
6,1.9124689569274822,1.5790202992865467,2.241742386116468,418067.0,7.112081789,130.0,2.138407738639522
7,4.447716725128328,4.0563116838025985,4.848246728557942,1.826961e6,34.271100563,503.0,4.311246387734876
8,0.19426457899353675,0.14222472910955514,0.25427872281907743,682039.0,14.232246083,41.0,0.23984010914923082
9,6.051549655966137,5.765293191544573,6.3214249678053696,8.981683e6,189.31852411,1779.0,5.893167319471191
10,2.5421094122604435,2.4243803981298533,2.65835413167756,5.950187e6,133.31494221,1830.0,2.5899808039242633
11,0.2852728344254591,0.25727793318405723,0.3174165446100154,3.81651e6,84.727216677,329.0,0.2859536466768096
1,NaN,NaN,NaN,0.0,0.0,5.0,13.582809955404983
2,4.984645337392353,2.5401324099422826,8.385776330986817,42882.0,0.609247121,10.0,4.953182467918399
3,9.000632708241435,6.846086089805835,11.481148930212635,643025.0,8.546000342,63.0,6.949999849738115
4,2.7649011014885083,2.1032161509416483,3.4491753210387346,207442.0,3.302478859,67.0,2.98497703337273
5,2.6307919506951287,2.1801915642911367,3.1329923425250867,381858.0,6.208475786,125.0,2.376368667769844
6,1.9852763123536978,1.6955453273400987,2.293745434848858,508005.0,8.564616735,156.0,2.138407738639522
7,4.230903547946328,3.882024945559386,4.609297143547297,2.007686e6,37.592452929,554.0,4.311246387734876
8,0.21081937963820765,0.1590563902354448,0.26768582191506435,775984.0,15.900039035,50.0,0.23984010914923082
9,5.9953736195174905,5.71566279094288,6.269591326063208,1.0068046e7,212.858410637,1972.0,5.893167319471191
10,2.5617295445362864,2.444673419098935,2.6815499382378745,6.548156e6,146.196728663,2049.0,2.5899808039242633
11,0.2778704039575958,0.25053707842628437,0.30832871466111633,4.213561e6,93.721436449,358.0,0.2859536466768096
1,NaN,NaN,NaN,0.0,0.0,1.0,19.889230328775973
2,3.0395857428213913,0.39215459338960545,8.693831072737263,4548.0,0.105226615,1.0,7.818783109740874
3,1.0367603056124657,0.029244423727777635,3.855038834890194,2798.0,0.071611327,0.0,2.3149206993190163
4,3.9922849638579487,1.1015088997522082,8.600082159711722,12873.0,0.182331629,3.0,4.023134695958271
5,14.676671802129116,10.000920906107831,20.86862928298375,2.582728e6,41.284138429,42.0,13.146269224277923
6,0.14944272477849463,0.021225148154831584,0.4274718013516611,40565.0,0.961623637,1.0,0.021358272305513303
7,1.6643814515865865,1.1055147815866484,2.299551951560027,93758.0,1.698190317,26.0,1.3419553887313533
8,1.5995135672689458,1.0400573615493358,2.2273246854660873,106447.0,2.349536577,29.0,1.6672471250437448
9,0.2705558549379336,0.10134808350751122,0.518953130133772,70394.0,1.633839028,5.0,0.3273906698615874
10,0.5456563139445197,0.27496741498015115,0.9163411841340815,67510.0,1.943350713,9.0,0.5351594854952078
11,1.5357553249216906,0.9584594154062763,2.1634451612634176,74791.0,1.687998612,21.0,1.2190542846903756
1,NaN,NaN,NaN,0.0,0.0,1.0,19.889230328775973
2,3.025854344862208,0.3433973479083214,8.498027502259625,4689.0,0.165691194,1.0,7.818783109740874
3,1.0656743876794241,0.031808624688077936,3.6624581844452835,2742.0,0.054842836,0.0,2.3149206993190163
4,6.9645303657512265,3.0007709003995355,12.2949504083281,57212.0,1.015193722,7.0,4.023134695958271
5,16.44915703406318,12.881774177145386,20.69405335987421,7.80066e6,124.467131398,87.0,13.146269224277923
6,0.037927851622845454,0.0013425398413929952,0.13976518133985022,71408.0,1.382828996,0.0,0.021358272305513303
7,1.2766806881390254,0.9531331266869639,1.7069867354107346,153792.0,2.907072313,40.0,1.3419553887313533
8,1.7951384220040056,1.3615962491164308,2.317578516748235,202094.0,4.465089484,60.0,1.6672471250437448
9,0.2690807792416847,0.1317109596661517,0.4377396502471877,136560.0,2.973554026,10.0,0.3273906698615874
10,0.7202069221205678,0.45878656383140876,1.0244619609601993,138314.0,3.177631799,24.0,0.5351594854952078
11,0.8774841936569854,0.5581366141399152,1.2736576307551235,114555.0,2.682338688,24.0,1.2190542846903756
1,NaN,NaN,NaN,0.0,0.0,1.0,19.889230328775973
2,6.218437382675786,1.9531942811124772,13.329765567481697,31744.0,0.403178687,4.0,7.818783109740874
3,1.149297865683279,0.15038612215823552,3.209189812413478,7046.0,0.432523182,1.0,2.3149206993190163
4,3.967716428329971,1.7642353528608175,6.6665850185498,31913.0,0.469468879,9.0,4.023134695958271
5,15.685723880895205,12.508593010663484,19.1842913934705,8.790033e6,140.891603384,131.0,13.146269224277923
6,0.07319172773079818,0.015673533838079033,0.1809283576600163,115032.0,2.057231174,2.0,0.021358272305513303
7,1.283546682223882,0.9978397720133342,1.6143788396682466,240376.0,4.91635742,61.0,1.3419553887313533
8,1.440551761543158,1.12369734100719,1.7823067384512303,258184.0,5.289755805,72.0,1.6672471250437448
9,0.3987860453787904,0.24721962629232302,0.5766071364574024,178538.0,4.329567876,21.0,0.3273906698615874
10,0.8628599449854886,0.630521873719035,1.142985122569159,208950.0,4.650401864,41.0,0.5351594854952078
11,1.069554197742489,0.7712327127980406,1.4247324459369766,191699.0,4.53915387,45.0,1.2190542846903756
1,NaN,NaN,NaN,0.0,0.0,1.0,19.889230328775973
2,4.294791987810678,0.8123747758828317,11.154425670553406,9959.0,0.16488946,2.0,7.818783109740874
3,2.332042911696379,0.46273686839409706,5.651204872435735,7483.0,0.13283396,2.0,2.3149206993190163
4,7.333190155869891,4.170729988964157,11.400768816674383,121316.0,1.843181269,17.0,4.023134695958271
5,14.623517746656024,12.34703344527056,17.365233560369525,7.683534e6,123.725648996,171.0,13.146269224277923
6,0.0566850387610105,0.01316431835858339,0.14250092064525433,152427.0,2.6098609,2.0,0.021358272305513303
7,1.4004582583475822,1.1405197315265097,1.7010839921147582,337101.0,6.35812745,90.0,1.3419553887313533
8,1.6016455961595542,1.3339125805159504,1.9292772915441518,373159.0,7.790655542,112.0,1.6672471250437448
9,0.3351969157579538,0.2252913831807745,0.4758448523558574,277176.0,6.261152416,26.0,0.3273906698615874
10,0.5863257444800559,0.42280578457511014,0.7852119925592016,266492.0,6.403663987,40.0,0.5351594854952078
11,1.1485894955877756,0.8958901164268128,1.4309748360159429,263511.0,5.791004331,64.0,1.2190542846903756
1,NaN,NaN,NaN,0.0,0.0,1.0,19.889230328775973
2,5.2736115643747175,1.3977882656013922,12.384170317261251,17843.0,0.305089943,3.0,7.818783109740874
3,3.977252718554159,1.6494272881045584,7.550237159594306,22256.0,0.285661879,6.0,2.3149206993190163
4,5.58995934662021,3.4977470181037305,8.361422670427945,101254.0,1.758301162,22.0,4.023134695958271
5,12.253435535465663,10.28496004793788,14.357931998210205,4.258908e6,68.627313098,193.0,13.146269224277923
6,0.04893283442801781,0.010178304047871598,0.1146729460415062,189120.0,3.178427072,2.0,0.021358272305513303
7,1.6087521324578804,1.3425482657357373,1.9064817891467336,415846.0,8.101955238,119.0,1.3419553887313533
8,1.7755011275877255,1.5160724311439022,2.0684138500573583,498228.0,10.470808585,151.0,1.6672471250437448
9,0.33236551392129404,0.2280974313597908,0.44123553302993074,359902.0,8.254026354,33.0,0.3273906698615874
10,0.531324015421521,0.3959047225074722,0.6840465154261588,342056.0,7.736078667,47.0,0.5351594854952078
11,1.1630985987640772,0.9311012019478649,1.4065091683679163,331876.0,7.387264606,83.0,1.2190542846903756
1,NaN,NaN,NaN,0.0,0.0,3.0,19.889230328775973
2,4.184247981029575,1.5191674616682962,8.199337926252658,19085.0,0.604996449,5.0,7.818783109740874
3,2.954784490005883,1.3201061153866516,5.0232612648543,27714.0,0.3956311,8.0,2.3149206993190163
4,3.829490043431848,2.3883584135124165,5.591851981929891,74037.0,1.089951296,21.0,4.023134695958271
5,13.856169924865121,12.18302835700999,15.822915789076546,9.376606e6,150.816588457,264.0,13.146269224277923
6,0.0259030007172873,0.003413098395914645,0.07204046989656492,244784.0,4.44051002,1.0,0.021358272305513303
7,1.4472675029167381,1.2345254023105883,1.6936886372037265,519548.0,9.774282046,142.0,1.3419553887313533
8,1.6737140164712592,1.4243774920109424,1.9406289006453887,629501.0,13.062901146,180.0,1.6672471250437448
9,0.316163587211654,0.2255628273940388,0.4260083876817667,422566.0,9.179370687,39.0,0.3273906698615874
10,0.5090782399171133,0.3838870173542654,0.6498005232533383,390382.0,9.323516513,55.0,0.5351594854952078
11,1.1616601235922004,0.9382378145208536,1.388549158574869,405349.0,9.187525403,99.0,1.2190542846903756
1,NaN,NaN,NaN,0.0,0.0,3.0,19.889230328775973
2,3.6987380784275183,1.264296897703492,7.678728645448276,14586.0,0.233693167,4.0,7.818783109740874
3,3.1926542962594677,1.4276597159172515,5.8217383643308,26066.0,0.359051156,8.0,2.3149206993190163
4,5.2518494748736115,3.537805494511714,7.252323054941619,128028.0,2.162963377,29.0,4.023134695958271
5,13.861006025790326,12.151408155539018,15.839462048369095,1.1140523e7,179.905188524,312.0,13.146269224277923
6,0.020880762262472378,0.002958205072744516,0.06102367849902785,288773.0,5.151352028,1.0,0.021358272305513303
7,1.4842646579851326,1.2552624670856622,1.7046682487309701,620457.0,11.847606279,173.0,1.3419553887313533
8,1.6847386205014885,1.4706042535440977,1.9116244961417799,786877.0,16.509076832,220.0,1.6672471250437448
9,0.292844008392191,0.21516998812755112,0.38875338349091076,518554.0,11.144409248,44.0,0.3273906698615874
10,0.48455134603968647,0.3733552605869312,0.6095060907222218,505127.0,12.095044115,63.0,0.5351594854952078
11,1.1525798457049152,0.9503091328046569,1.3769309064465298,463685.0,10.623891446,117.0,1.2190542846903756
1,NaN,NaN,NaN,0.0,0.0,3.0,19.889230328775973
2,4.158246092514564,1.5051736367585844,8.369944841312314,20083.0,0.349340229,5.0,7.818783109740874
3,2.948316686077121,1.3825942660923256,5.260437502310349,27163.0,0.645133623,8.0,2.3149206993190163
4,5.2255529324474255,3.499337686583899,7.362812790380254,127746.0,1.872442969,31.0,4.023134695958271
5,14.292571109641772,12.447993504291848,16.098624638015902,1.3927903e7,224.645706194,348.0,13.146269224277923
6,0.03789312595305824,0.010913516214816048,0.08248024897526456,329046.0,5.849941703,3.0,0.021358272305513303
7,1.4299020562607605,1.225841797410482,1.6371161636354796,681980.0,12.716858813,186.0,1.3419553887313533
8,1.6155564065720767,1.4302816677705776,1.8307794129210755,761273.0,16.02394229,230.0,1.6672471250437448
9,0.34516755702270313,0.26406682129230263,0.4421457705661035,566083.0,12.774281896,56.0,0.3273906698615874
10,0.538201265209228,0.42051640732526113,0.6747087833473467,539029.0,12.401328076,76.0,0.5351594854952078
11,1.1394270593045994,0.9480715333955627,1.3548101170106275,533309.0,11.955864588,130.0,1.2190542846903756
1,NaN,NaN,NaN,0.0,0.0,3.0,19.889230328775973
2,4.755057781337886,1.7910235723846486,9.714922702345927,25563.0,0.684612722,6.0,7.818783109740874
3,3.2619862789577416,1.6387105665065549,5.46123431357244,32086.0,0.472946622,10.0,2.3149206993190163
4,5.343332127281926,3.8011021750007608,7.249397833457046,165699.0,2.501679862,38.0,4.023134695958271
5,13.57276978901079,12.211395738023677,15.20848063560474,1.3542866e7,217.965130275,392.0,13.146269224277923
6,0.03244878178701109,0.00928528066650858,0.07140905966560855,379411.0,6.835932182,3.0,0.021358272305513303
7,1.426962331493423,1.2460010715763339,1.6340008065065184,824755.0,15.314931591,211.0,1.3419553887313533
8,1.6159583451963804,1.4210446656002056,1.824685462003429,896697.0,18.458617971,261.0,1.6672471250437448
9,0.28802111183422596,0.21651432946792273,0.36395340136423693,643392.0,13.965430312,53.0,0.3273906698615874
10,0.5579885111067662,0.4529177534152611,0.673700617131456,587304.0,13.483263788,88.0,0.5351594854952078
11,1.1279520498295024,0.9560013941988994,1.3088379723978725,580257.0,12.773769087,142.0,1.2190542846903756
1,NaN,NaN,NaN,0.0,0.0,1.0,1.9683576145388848
2,3.03559308040939,0.3800635997673453,8.27145399541224,4550.0,0.212298383,1.0,7.885127961933102
3,2.1166586716330706,0.2604069284064025,5.929847960252938,4834.0,0.079465485,1.0,1.1108842192163788
4,1.7153340309584917,0.2158494340587463,4.486217869021277,5484.0,0.092722884,1.0,6.961583251740459
5,2.270849023693288,0.49706849841463085,5.177654825718672,7826.0,0.129644327,2.0,2.117941238848219
6,11.76250442279308,7.69064378786042,16.821217313468303,783811.0,13.386410095,31.0,10.060867828116832
7,0.4016705936479831,0.1261005701635811,0.8502751835933511,33029.0,0.637530586,3.0,0.35100022705632694
8,12.794785953121272,11.152225084017779,14.504241499869316,8.068914e6,166.754050002,286.0,13.064248128799912
9,0.7563725338524367,0.5827847854485196,0.9576594202268912,367869.0,7.900434225,66.0,0.7221387085662399
10,1.5344128466222877,1.314310901511707,1.779111687122863,699980.0,16.229095427,190.0,1.6655996724150595
11,0.8799536967752137,0.7273781271885212,1.045787981654395,630200.0,14.324485661,125.0,0.9677753450535789
1,NaN,NaN,NaN,0.0,0.0,1.0,1.9683576145388848
2,4.32532315973309,0.837097157116381,10.709979059437519,9455.0,0.218251889,2.0,7.885127961933102
3,0.854063281440101,0.019352417150373512,3.1661184060674654,3493.0,0.063559937,0.0,1.1108842192163788
4,4.237224695620438,1.4990677634253144,8.228733421149773,20836.0,0.281893759,5.0,6.961583251740459
5,3.0885189166706253,1.3268409384721693,5.566054032822658,23465.0,0.623649987,7.0,2.117941238848219
6,9.969478066103937,7.487286107984561,12.875362509708276,830577.0,14.071156722,65.0,10.060867828116832
7,0.45501273974112383,0.21438766547718585,0.7985410444294425,80942.0,1.516059584,9.0,0.35100022705632694
8,11.852380023829822,10.892171796313477,12.93442814366256,1.0947339e7,225.942633425,560.0,13.064248128799912
9,0.785849839668325,0.6630317804343309,0.9221060743082726,696830.0,14.866691185,138.0,0.7221387085662399
10,1.698974834920986,1.5433160734492195,1.867787088725338,1.37136e6,30.901890183,424.0,1.6655996724150595
11,0.991069058179913,0.8771868118451845,1.1078708015488379,1.319264e6,28.732137428,296.0,0.9677753450535789
1,NaN,NaN,NaN,0.0,0.0,1.0,1.9683576145388848
2,6.307454317496345,2.006537142673229,12.866543111049554,34021.0,0.432439689,4.0,7.885127961933102
3,1.5829565684557536,0.29238738653206375,3.669712482297004,8593.0,0.470938024,2.0,1.1108842192163788
4,3.4767374887369047,1.667378450665107,6.289442787450073,29316.0,0.427540282,9.0,6.961583251740459
5,2.078604778584693,0.9931372317516566,3.5464214557615117,29819.0,0.493046963,9.0,2.117941238848219
6,8.183465055084664,6.441254192572571,10.146591794798848,609396.0,10.229075002,80.0,10.060867828116832
7,0.46770202923196447,0.23634665905126478,0.7521077738918339,103130.0,1.916083738,12.0,0.35100022705632694
8,13.55391926748875,12.557938205203941,14.648947098534649,2.9008257e7,575.551018555,861.0,13.064248128799912
9,0.7755740566805668,0.6764250388951453,0.8859703401264615,1.008339e6,20.889976713,204.0,0.7221387085662399
10,1.7247284362508313,1.5869206063230457,1.8610873381981912,2.213418e6,48.05543415,654.0,1.6655996724150595
11,0.9619643556048453,0.8776534231240493,1.0509358903113015,1.978423e6,42.974941774,439.0,0.9677753450535789
1,NaN,NaN,NaN,0.0,0.0,2.0,1.9683576145388848
2,3.0070615581015674,0.6480529478922814,7.861130229706307,7868.0,0.19953627,2.0,7.885127961933102
3,0.6505365598815994,0.017545094321851706,2.3149889404603523,4401.0,0.074792006,0.0,1.1108842192163788
4,7.3109735731517125,3.8753350413618928,11.830662308216517,97486.0,1.559862923,13.0,6.961583251740459
5,2.022849400015463,1.0193006966140605,3.3869857693513015,29850.0,0.477217259,9.0,2.117941238848219
6,10.230100172352858,8.491192860594676,12.390453225486338,1.661845e6,27.638975777,123.0,10.060867828116832
7,0.42032816428143366,0.2391560435012546,0.640286301893639,137564.0,2.971901034,16.0,0.35100022705632694
8,12.368916311100278,11.58212704799747,13.16324805669689,2.4872719e7,497.380746668,1100.0,13.064248128799912
9,0.7511270230313726,0.6559766986589964,0.84924732504479,1.384553e6,28.279126947,257.0,0.7221387085662399
10,1.732738859223994,1.6189339760764805,1.8493884717150093,2.886119e6,62.337070624,841.0,1.6655996724150595
11,1.002867257279096,0.9220910270895061,1.0803381516541413,2.563066e6,54.983979809,587.0,0.9677753450535789
1,NaN,NaN,NaN,0.0,0.0,1.0,1.9683576145388848
2,4.192288800624,0.9102895721528482,10.403326804448481,9964.0,0.216416379,2.0,7.885127961933102
3,2.3359948532877506,0.474307489538408,5.440236560743986,7447.0,0.11043253,2.0,1.1108842192163788
4,7.057504218993647,3.84309237952023,10.765136729384617,106617.0,1.793257765,16.0,6.961583251740459
5,2.0102678674610153,1.0561764988486408,3.3050225579651533,41177.0,0.674599415,12.0,2.117941238848219
6,9.262949602091007,7.705130205492408,11.128040849696474,1.518758e6,25.460575697,138.0,10.060867828116832
7,0.5754471253024104,0.3728785200260933,0.8127945004080692,173269.0,3.406532804,26.0,0.35100022705632694
8,12.949886345744442,12.234089403160818,13.78394624208436,3.7111519e7,740.08068713,1395.0,13.064248128799912
9,0.8121561275907133,0.7268745904378622,0.9009442663325695,1.675313e6,34.325164383,352.0,0.7221387085662399
10,1.7409419400794681,1.6352158046976508,1.843205230227777,3.64164e6,78.179174672,1087.0,1.6655996724150595
11,0.953970422288003,0.8851294151757809,1.0188798337489806,3.356906e6,72.363815592,722.0,0.9677753450535789
1,NaN,NaN,NaN,0.0,0.0,1.0,1.9683576145388848
2,8.054739947605626,3.2267800022704867,15.112199231888184,79291.0,0.936072277,6.0,7.885127961933102
3,0.8637897763603327,0.08111648546301034,2.2802518750814307,8361.0,0.152150966,1.0,1.1108842192163788
4,5.805927754756456,3.6977419671513783,8.667634462213227,99878.0,1.39717843,20.0,6.961583251740459
5,1.683628152779602,0.9267990129418637,2.6845920936317724,44098.0,0.689375652,13.0,2.117941238848219
6,9.366353474020435,7.90817457031736,10.969582469454204,1.758463e6,29.35281573,166.0,10.060867828116832
7,0.5339874111342644,0.36430922478172917,0.7427619986569717,201564.0,4.019047971,29.0,0.35100022705632694
8,12.955848566635735,12.245583868048769,13.656251297953004,4.6680346e7,926.643652979,1659.0,13.064248128799912
9,0.7533812689758527,0.6762608105910264,0.8222856299760167,2.031196e6,41.291921188,387.0,0.7221387085662399
10,1.7320956395268212,1.6399976133128187,1.8337815890422853,4.475523e6,96.675761566,1269.0,1.6655996724150595
11,0.9981961832402858,0.934807739863478,1.0609876878852884,3.876071e6,82.876900085,881.0,0.9677753450535789
1,NaN,NaN,NaN,0.0,0.0,1.0,1.9683576145388848
2,8.78369677787829,3.8048744697613013,16.327668241775882,125006.0,1.814119325,7.0,7.885127961933102
3,1.1264733989239382,0.2536720338085924,2.729695079390278,10973.0,0.170443758,2.0,1.1108842192163788
4,4.927187190277851,3.004923496718922,7.510594207225763,85745.0,1.192651407,20.0,6.961583251740459
5,1.9001045895811937,1.0874923030830137,2.8983583003502402,50504.0,0.782312152,16.0,2.117941238848219
6,9.918236513778693,8.531715723451565,11.421624606869132,2.512497e6,41.53738814,201.0,10.060867828116832
7,0.40587657021697376,0.2712493372280622,0.5629893622738484,229025.0,4.549957659,26.0,0.35100022705632694
8,13.028665932065906,12.39923910122602,13.664692575625992,5.7096912e7,1141.362919957,1956.0,13.064248128799912
9,0.7496748780040305,0.6884933733768622,0.8173848151574904,2.322083e6,46.968312456,452.0,0.7221387085662399
10,1.748842439901424,1.6598199116952441,1.836229973904249,5.201736e6,112.105691986,1505.0,1.6655996724150595
11,0.9723244048386357,0.9112482093596135,1.0327170961683554,4.513114e6,96.141315975,1016.0,0.9677753450535789
1,NaN,NaN,NaN,0.0,0.0,2.0,1.9683576145388848
2,5.435249496015581,2.0075389017913383,11.16733895234082,26418.0,0.345752968,5.0,7.885127961933102
3,0.42242239542003995,0.010218070100712058,1.497253940173941,6927.0,0.104550721,0.0,1.1108842192163788
4,7.169274873342362,4.551650303868293,10.142002867435094,164499.0,2.343001804,23.0,6.961583251740459
5,2.1731445223347956,1.2674996775590872,3.3053381496399816,57495.0,1.193354046,18.0,2.117941238848219
6,10.638625312539135,9.23630563020808,12.22376033521668,3.405985e6,56.009320344,237.0,10.060867828116832
7,0.48955085624976924,0.3429279564938599,0.6619424654348683,297151.0,5.662209891,37.0,0.35100022705632694
8,12.725007428350287,12.142062088700994,13.341851767710187,5.8944138e7,1145.542311843,2257.0,13.064248128799912
9,0.7432086551377343,0.6812572079333061,0.8083916685695292,2.869905e6,58.359754454,520.0,0.7221387085662399
10,1.7179725592735822,1.6361510815931624,1.7994695488529775,5.745351e6,122.492901182,1706.0,1.6655996724150595
11,0.9519536731696037,0.8946857829336445,1.0096895943985589,5.121199e6,106.93432547,1135.0,0.9677753450535789
1,NaN,NaN,NaN,0.0,0.0,3.0,1.9683576145388848
2,5.285769626055492,2.4096593508751574,9.792688012973978,33537.0,0.471839703,7.0,7.885127961933102
3,0.9243148322377623,0.17236143524681086,2.3214510788264415,13471.0,0.180496945,2.0,1.1108842192163788
4,5.338484269255081,3.470178450051988,7.695993500778686,111894.0,1.663210015,25.0,6.961583251740459
5,1.960075422900448,1.1892022700614586,2.895591340069409,68465.0,1.293901523,20.0,2.117941238848219
6,10.21332706416744,8.894957653239413,11.609246325428753,3.171972e6,51.74120442,255.0,10.060867828116832
7,0.4431171700793533,0.3102401002541177,0.5861107077169354,289516.0,5.207315758,36.0,0.35100022705632694
8,13.089020608491664,12.54472506337619,13.69253689983889,7.3737354e7,1433.558754742,2512.0,13.064248128799912
9,0.7651462945439929,0.7065103053306566,0.8280467845080542,3.249411e6,66.022763241,594.0,0.7221387085662399
10,1.7204049224613183,1.6464600917091976,1.7970403142577975,6.103642e6,128.775699516,1908.0,1.6655996724150595
11,0.9754063702899476,0.9247890479814888,1.028105112579414,5.932084e6,125.022616496,1302.0,0.9677753450535789
1,NaN,NaN,NaN,0.0,0.0,1.0,15.42973131889488
2,8.92208436254533,3.716685244267053,16.734305978299368,124380.0,1.804573663,7.0,12.355311027070842
3,6.984090943416081,4.3276492374161295,10.479304776584845,143348.0,1.959077202,23.0,10.624795937888596
4,1.1485470336896977,0.5980443467826689,1.883081903326106,43083.0,0.608765996,10.0,1.2979227273202956
5,0.5639889018206385,0.21595184672540585,1.052121292713773,41469.0,0.704572889,6.0,0.48127524587068937
6,1.8936913300788532,1.2185650072981622,2.7888639366155634,76312.0,1.314237562,21.0,2.472931442030136
7,0.15925868137028085,0.021602785964169473,0.4309360593644253,39962.0,0.763554579,1.0,0.08469360850313175
8,3.0594557252324597,2.1190323104482642,4.123470358277693,121331.0,2.569742365,37.0,1.7898062798909637
9,1.529266034246216,1.0476370694397892,2.137752991043179,98641.0,2.167495666,27.0,1.7247140149572786
10,7.613327282026376,6.631558468348348,8.628902070109897,1.686339e6,35.787029103,252.0,8.992942318790256
11,2.1759724478925757,1.88502455834352,2.4930488701662847,643298.0,13.695891819,210.0,2.164545287431614
1,NaN,NaN,NaN,0.0,0.0,1.0,15.42973131889488
2,10.176860320406462,4.823943191927481,18.551258249498186,245408.0,2.94956859,9.0,12.355311027070842
3,10.403958253095341,7.687039568321169,13.960913485484596,714974.0,9.085929558,49.0,10.624795937888596
4,1.027656516610331,0.6013174909289812,1.591797332849934,72420.0,1.231256852,17.0,1.2979227273202956
5,0.5938584999939277,0.326549256227307,0.9522090485338742,84574.0,1.28633974,13.0,0.48127524587068937
6,2.284056801441921,1.7136770769229965,2.9500080353550184,174763.0,2.861685256,52.0,2.472931442030136
7,0.07131129168029457,0.008315294595342953,0.19516717837737843,84889.0,1.605840758,1.0,0.08469360850313175
8,1.7669990446886112,1.3331925514510872,2.287505379648809,155836.0,3.556216424,44.0,1.7898062798909637
9,1.76311502999683,1.2971432369203864,2.3042037083990174,172336.0,3.638108663,50.0,1.7247140149572786
10,9.458362740554668,8.598530695766444,10.379418467889323,5.333187e6,111.990812908,526.0,8.992942318790256
11,2.338767266972609,2.1266982668702874,2.567229066096408,1.443354e6,30.204054187,448.0,2.164545287431614
1,NaN,NaN,NaN,0.0,0.0,3.0,15.42973131889488
2,8.61607512749057,4.65173137370471,13.979259003215438,145213.0,2.05832641,14.0,12.355311027070842
3,8.415484795178408,6.338460666339422,11.033258620355088,517351.0,6.936499794,61.0,10.624795937888596
4,1.438303665787644,1.0059373328807066,2.015734025375483,121319.0,1.86088734,33.0,1.2979227273202956
5,0.5418605293276741,0.30644053681967925,0.8214096337849083,121358.0,1.846607442,17.0,0.48127524587068937
6,2.616125346449725,2.121509566748781,3.207920324840359,279762.0,5.116388701,89.0,2.472931442030136
7,0.022820629617931607,0.0002900946042864122,0.08310726533900814,131999.0,2.310800479,0.0,0.08469360850313175
8,1.9395065779543879,1.5327819668350564,2.370848380000128,251169.0,5.02211918,80.0,1.7898062798909637
9,1.3699848084809916,1.0684221857384526,1.723390040817992,242862.0,4.991610588,65.0,1.7247140149572786
10,8.720261141290045,8.075921536769007,9.408803871634458,6.297432e6,135.15676077,737.0,8.992942318790256
11,2.2676500723417905,2.0923924632162954,2.4561184909654323,1.892936e6,40.35357697,618.0,2.164545287431614
1,NaN,NaN,NaN,0.0,0.0,5.0,15.42973131889488
2,6.437230619643957,3.6703487547658855,10.660044767957233,79624.0,0.994926611,14.0,12.355311027070842
3,9.65616461906466,7.660206794226912,11.995408008740482,940782.0,12.430853191,85.0,10.624795937888596
4,1.512386548315946,1.1136056440834254,1.9608479160490293,167326.0,2.288568031,46.0,1.2979227273202956
5,0.4426289325617173,0.27377300705715174,0.6509491577868738,162765.0,2.683760995,19.0,0.48127524587068937
6,2.27011433812882,1.8493078785856119,2.7646843341891087,326948.0,5.371623978,100.0,2.472931442030136
7,0.05630620445215979,0.011145608202463733,0.13433852104347624,172915.0,3.655458239,2.0,0.08469360850313175
8,2.1196029711530033,1.7438650410205432,2.549663677666737,314864.0,6.387714082,104.0,1.7898062798909637
9,1.5526101372381036,1.2403491889528904,1.8896424714463869,327487.0,7.083416587,93.0,1.7247140149572786
10,9.139272317743663,8.573209023569616,9.741555408573085,1.0297241e7,219.871038925,1041.0,8.992942318790256
11,2.2478507223387068,2.0965829890870795,2.4016560818135484,2.742502e6,58.177585849,855.0,2.164545287431614
1,NaN,NaN,NaN,0.0,0.0,4.0,15.42973131889488
2,10.336414320926377,6.374835159230835,15.640734001149607,370856.0,4.516014292,23.0,12.355311027070842
3,9.979496318853295,8.092979897862447,12.175288960783291,1.479811e6,18.884101424,119.0,10.624795937888596
4,1.4160605639725372,1.0868153919904295,1.8212079220805895,220231.0,3.062413674,61.0,1.2979227273202956
5,0.464591450829315,0.31669250936999555,0.639465112777667,215757.0,3.508595694,28.0,0.48127524587068937
6,2.3939268279506383,2.032763142817099,2.77140099013426,440801.0,7.239244636,149.0,2.472931442030136
7,0.07679365667888158,0.02973045232216898,0.14812979080830324,233547.0,4.945611523,5.0,0.08469360850313175
8,1.6523846395471191,1.3540312398508232,1.9703124970576358,397333.0,7.612319307,117.0,1.7898062798909637
9,1.7091157190081028,1.4258099627960785,2.0300420613821006,438402.0,8.933800816,134.0,1.7247140149572786
10,8.84186885406206,8.289723511305992,9.391789570927285,1.1866138e7,253.919804729,1297.0,8.992942318790256
11,2.197759741965147,2.064083348026978,2.3452934330586115,3.079552e6,66.135345501,1052.0,2.164545287431614
1,NaN,NaN,NaN,0.0,0.0,4.0,15.42973131889488
2,10.841077814493383,6.84565549364743,16.374567627848403,475724.0,5.974160399,25.0,12.355311027070842
3,11.210472357526323,9.288907669614664,13.2728128011142,2.492528e6,32.854594708,149.0,10.624795937888596
4,1.2849019123325045,0.9971284254705818,1.601314186451512,243337.0,3.659706026,66.0,1.2979227273202956
5,0.47331218888119175,0.32704947370174925,0.6503963271152396,280387.0,4.31507046,34.0,0.48127524587068937
6,2.1752624516953216,1.8398569877126363,2.518995381019579,516311.0,8.783038923,158.0,2.472931442030136
7,0.057979971474043185,0.0192459198640852,0.1165647203675792,253717.0,5.064566587,4.0,0.08469360850313175
8,1.9268120834244837,1.6278789037387245,2.2317972165311812,517320.0,10.306853311,151.0,1.7898062798909637
9,1.6982850734111652,1.4397407932966506,1.9783062830838314,534205.0,12.001099441,157.0,1.7247140149572786
10,9.023668134827334,8.573952035510322,9.49073205584743,1.5499413e7,334.100778583,1595.0,8.992942318790256
11,2.1333479991702893,2.0195854100121884,2.2524219706514317,3.920808e6,85.926424985,1245.0,2.164545287431614
1,NaN,NaN,NaN,0.0,0.0,7.0,15.42973131889488
2,9.298534422137642,6.234914092174575,13.06495520946846,394011.0,4.989510074,33.0,12.355311027070842
3,9.007079498914464,7.479978604048705,10.625743080708936,1.44522e6,19.087585685,153.0,10.624795937888596
4,1.5886047353282815,1.2725318605120952,1.91048342155936,301336.0,4.912292584,92.0,1.2979227273202956
5,0.3900209941515794,0.26850655798566647,0.5379303433917343,283020.0,4.732065232,32.0,0.48127524587068937
6,2.309136694739804,1.9818564537188232,2.646005928627391,654802.0,10.887514599,193.0,2.472931442030136
7,0.05975626454346156,0.022435064690476233,0.11353912346562418,312855.0,5.888962857,5.0,0.08469360850313175
8,1.8561343443110878,1.5802027850951879,2.13408860255902,554869.0,11.604507962,173.0,1.7898062798909637
9,1.7834284855368865,1.5454275988673443,2.025732293043286,648282.0,13.581054625,194.0,1.7247140149572786
10,8.7640234218908,8.34349336408748,9.199925506597658,1.6778003e7,368.023880812,1822.0,8.992942318790256
11,2.1888007637601694,2.075583821381927,2.3001458448012615,4.781574e6,104.597547698,1475.0,2.164545287431614
1,NaN,NaN,NaN,0.0,0.0,5.0,15.42973131889488
2,11.578239617771978,7.554909700202941,16.475198787587892,746916.0,9.56758982,33.0,12.355311027070842
3,10.660266644528294,8.999994483388745,12.452622657593325,2.575191e6,33.260531913,181.0,10.624795937888596
4,1.476264863540038,1.19588411392129,1.7823671964440377,340788.0,5.085272769,95.0,1.2979227273202956
5,0.4423424028010766,0.31285781499143545,0.5892549913248761,329828.0,5.069049753,41.0,0.48127524587068937
6,2.4131140610931725,2.119518323660566,2.742500182356988,670364.0,11.600789153,229.0,2.472931442030136
7,0.07636810810298154,0.034192978651096044,0.13559443853221317,363556.0,6.971068033,8.0,0.08469360850313175
8,1.696986680593158,1.4604446528211288,1.9340743861265186,645536.0,13.029445096,184.0,1.7898062798909637
9,1.6061284200059756,1.3846700927531912,1.8471912879419332,691395.0,14.582689158,194.0,1.7247140149572786
10,9.30203543573746,8.88674434751478,9.716532246084974,2.2301071e7,489.845613155,2104.0,8.992942318790256
11,2.2402752409069433,2.132037315449914,2.350422225886393,5.240462e6,115.172089372,1715.0,2.164545287431614
1,NaN,NaN,NaN,0.0,0.0,8.0,15.42973131889488
2,9.229814441302366,6.4373687341196355,13.35236039357538,376517.0,4.742148207,36.0,12.355311027070842
3,10.506104068853782,9.036766648566191,11.979503623006348,2.970136e6,38.375671646,209.0,10.624795937888596
4,1.493150947922709,1.2499267123473734,1.784250994082898,368665.0,5.032541222,111.0,1.2979227273202956
5,0.3847041947025031,0.2812568349568165,0.4993640297826665,377156.0,5.88917621,41.0,0.48127524587068937
6,2.276838216244375,1.9919013374839027,2.5633881647591568,780823.0,12.879284886,243.0,2.472931442030136
7,0.06900681237825558,0.03082651081764539,0.12378785199484456,392387.0,7.189064864,8.0,0.08469360850313175
8,1.9139843684844098,1.6699574692222428,2.1899106703178326,764971.0,15.955249313,226.0,1.7898062798909637
9,1.707262187559189,1.5106336238798301,1.9255548721470535,864149.0,18.128369639,238.0,1.7247140149572786
10,8.925639607478017,8.551500247344594,9.32813792545466,2.1560664e7,484.248026687,2368.0,8.992942318790256
11,2.1818514375342652,2.084590356514831,2.2845215117134847,5.952176e6,140.341962197,1902.0,2.164545287431614
1,NaN,NaN,NaN,0.0,0.0,1.0,13.77008302064618
2,4.211054395168606,0.9071183557831451,10.143590387341737,9317.0,0.238194561,2.0,9.504848273899853
3,0.8230949357621211,0.02111811313358708,3.2903705427779526,3675.0,0.069518173,0.0,2.5965462662388954
4,4.2672300762270154,1.4479789776533385,8.540354425274398,21388.0,0.306849304,5.0,3.6082578389903435
5,0.8545838964207418,0.1203804530976455,2.2263471260074055,8112.0,0.431042486,1.0,0.7604961183695165
6,5.785488663609235,3.533384842927915,8.66919762758996,92623.0,1.655277968,18.0,4.053831437960126
7,0.1471014986472341,0.0036871256717844274,0.5637192868450654,20975.0,0.446744162,0.0,0.21505704523760505
8,0.5778487811285966,0.1623965567589041,1.2977411605972264,24052.0,0.55999673,3.0,1.371637676054831
9,16.61370134592637,13.971595978650035,19.657875494651197,1.79453e7,402.333254822,196.0,15.892983011290763
10,4.754852912056867,4.19850782093306,5.338928260323039,1.201379e6,28.960890498,325.0,4.762650397816805
11,10.227702414294088,9.794055985099181,10.684511163466375,3.2813945e7,793.920265056,2559.0,10.191850904705122
1,NaN,NaN,NaN,0.0,0.0,1.0,13.77008302064618
2,5.452158848195808,1.436517380081432,13.304820433641567,18141.0,0.269568344,3.0,9.504848273899853
3,3.073405050984145,0.8444136762384827,6.171248700283829,14451.0,0.232641871,4.0,2.5965462662388954
4,4.161854551252328,2.1861687791404263,6.720776206266629,45220.0,1.090359118,12.0,3.6082578389903435
5,1.146839468152193,0.45689945164032286,2.1526301416146,27355.0,0.513211842,6.0,0.7604961183695165
6,3.6500153113457476,2.4534363274529247,5.195009055306629,100769.0,2.059539555,30.0,4.053831437960126
7,0.21951626786541528,0.04680883241746239,0.49503229184522696,44508.0,1.140423613,2.0,0.21505704523760505
8,1.5084857768297373,0.9478032811930616,2.2039235418459024,73972.0,1.749143901,20.0,1.371637676054831
9,13.906194680604768,12.295881819374518,15.610408650808099,1.4078768e7,323.603001529,380.0,15.892983011290763
10,4.935000146002716,4.569040728522857,5.3153061897612,2.679099e6,66.76383044,694.0,4.762650397816805
11,10.091229339046532,9.786231292156232,10.399959797365186,6.3946713e7,1504.48693106,5183.0,10.191850904705122
1,NaN,NaN,NaN,0.0,0.0,1.0,13.77008302064618
2,9.489983402724917,4.156524191301305,17.312902149265092,185966.0,2.40510334,8.0,9.504848273899853
3,1.0130195014752017,0.1981130889277447,2.471406929624044,11352.0,0.221145678,2.0,2.5965462662388954
4,3.4674170667638116,1.9635168835165813,5.448181884593391,47877.0,0.948843049,14.0,3.6082578389903435
5,0.7233779795649904,0.22251278786585638,1.5273208381694365,25910.0,0.486283296,4.0,0.7604961183695165
6,5.139019603402214,3.8055735255189997,6.746963039995788,202497.0,3.771177199,47.0,4.053831437960126
7,0.32746736664341164,0.11987802279358294,0.6490998482244926,60437.0,1.153692847,5.0,0.21505704523760505
8,1.4223268956038209,0.9415075091070536,1.9644711599681355,106447.0,2.536824964,28.0,1.371637676054831
9,14.248356089106059,12.891813422614579,15.557190771775778,2.4092054e7,539.594481792,586.0,15.892983011290763
10,4.720110857671317,4.432517887538869,4.998523559310338,3.874061e6,92.407318179,1007.0,4.762650397816805
11,10.321179665410222,10.077423489438331,10.571882953274478,1.02520103e8,2434.503915766,7977.0,10.191850904705122
1,NaN,NaN,NaN,0.0,0.0,4.0,13.77008302064618
2,5.3528302542475235,2.5246966252429717,9.27755327163054,42429.0,0.604528348,9.0,9.504848273899853
3,2.624308087701347,1.2528508433132912,4.429058590986069,35638.0,0.526311902,11.0,2.5965462662388954
4,2.711901406643689,1.6790163124247115,3.9378978551676678,63950.0,1.061987539,21.0,3.6082578389903435
5,0.7209336779001294,0.30768684168269056,1.2945366250006103,44891.0,0.793997459,8.0,0.7604961183695165
6,3.9781024042365845,3.0553323523987155,5.053026331317417,214925.0,4.352989877,61.0,4.053831437960126
7,0.22707430680280558,0.08401048890029293,0.42766272917481524,84568.0,1.973280564,5.0,0.21505704523760505
8,1.1282373138425195,0.7677121113053988,1.5782855059299636,123017.0,2.796480103,29.0,1.371637676054831
9,15.948049619981356,14.626049158713148,17.400353248607033,5.4446523e7,1239.869459549,844.0,15.892983011290763
10,4.571421297211339,4.326178378112083,4.827888596513091,4.748827e6,112.043643764,1360.0,4.762650397816805
11,9.796379726799987,9.598835904310814,9.994128362502366,1.11190196e8,2613.50351501,10256.0,10.191850904705122
1,NaN,NaN,NaN,0.0,0.0,2.0,13.77008302064618
2,9.943841748966687,5.040324954819588,16.430296519633284,222420.0,3.198085343,13.0,9.504848273899853
3,2.402132305044119,1.2427633058207488,3.992628054033122,35765.0,0.543204825,11.0,2.5965462662388954
4,4.253019489689673,3.1066430025738008,5.754807252435273,143363.0,2.336768185,41.0,3.6082578389903435
5,0.32771723087219423,0.119654178648399,0.6485795777571658,61758.0,1.471853766,5.0,0.7604961183695165
6,3.059635510043795,2.4037900840708684,3.7995487881141217,213286.0,4.000029571,65.0,4.053831437960126
7,0.25422972362693436,0.11135685789968304,0.45689554117226644,101209.0,2.429319355,7.0,0.21505704523760505
8,1.513985917844594,1.1350710100301384,1.9865282817650425,164114.0,3.738864588,45.0,1.371637676054831
9,15.835827265005149,14.651818182122343,17.009742440348393,6.6848293e7,1542.103855762,1049.0,15.892983011290763
10,4.4653719616621625,4.247577636991616,4.68538364388141,5.930633e6,142.733419235,1655.0,4.762650397816805
11,10.013292849905968,9.826212091863757,10.206169265815747,1.5268823e8,3588.327335032,13012.0,10.191850904705122
1,NaN,NaN,NaN,0.0,0.0,3.0,13.77008302064618
2,8.122518776836715,4.391954440191366,13.161977522377057,123494.0,1.956314689,13.0,9.504848273899853
3,2.4612636991480557,1.2984982234178781,3.863073254140063,38549.0,0.54692486,12.0,2.5965462662388954
4,3.8798486597369606,2.748524120980973,5.310424988124825,128233.0,1.957778347,39.0,3.6082578389903435
5,0.6353596758584897,0.32807938241775964,1.0418151132497837,68549.0,1.107818654,11.0,0.7604961183695165
6,3.8077314323886604,3.053449201031809,4.629356219684165,303051.0,5.622714616,91.0,4.053831437960126
7,0.20405924739148934,0.08865763603100432,0.3661765341529925,129385.0,2.46083301,7.0,0.21505704523760505
8,1.3463624861059453,1.0214308166387012,1.7460982268305507,205838.0,4.794971131,53.0,1.371637676054831
9,14.816133757185495,13.82027033850997,15.909501516572485,5.7770697e7,1289.573352506,1193.0,15.892983011290763
10,4.636841664750547,4.421755067839445,4.847017393200896,6.963016e6,164.002099566,1989.0,4.762650397816805
11,10.23914075599023,10.085151726111013,10.409622142086988,1.95934992e8,4595.657109885,15755.0,10.191850904705122
1,NaN,NaN,NaN,0.0,0.0,6.0,13.77008302064618
2,6.998525380725456,4.266231700277463,10.349014211161505,112139.0,1.577504507,19.0,9.504848273899853
3,1.997121451230419,1.1467008148983264,3.1012784312903845,50815.0,0.717531585,15.0,2.5965462662388954
4,3.349093153634561,2.4625186111326274,4.364380495878974,150061.0,2.897420135,46.0,3.6082578389903435
5,0.43423520310517566,0.2101053712774123,0.7416274527776627,82828.0,1.359214155,9.0,0.7604961183695165
6,3.9137914446296502,3.1968565606216046,4.706002139696813,384141.0,7.424667734,108.0,4.053831437960126
7,0.260719787044809,0.1368055028935937,0.42867658832226846,159840.0,3.509260287,11.0,0.21505704523760505
8,1.318947808158371,1.0093281035675665,1.6522090688671838,232999.0,5.169013277,62.0,1.371637676054831
9,14.954705422042625,14.092264084270123,15.917081398682056,7.0751027e7,1579.25815065,1438.0,15.892983011290763
10,4.515986573308815,4.330023342124832,4.7158816250386595,8.210978e6,197.444685323,2315.0,4.762650397816805
11,10.098877214426071,9.941741432534236,10.27365758105629,2.23123098e8,5296.748097242,18270.0,10.191850904705122
1,NaN,NaN,NaN,0.0,0.0,4.0,13.77008302064618
2,9.135885557335813,5.502246212374389,13.972557646186186,225327.0,3.04747363,19.0,9.504848273899853
3,2.3786889295930083,1.4132662589733245,3.5954374000289313,54418.0,0.788848883,17.0,2.5965462662388954
4,3.472463592141696,2.57747232850903,4.4999475664908,161019.0,2.673344023,49.0,3.6082578389903435
5,0.6566579628381897,0.3735165716582731,1.0075795596207302,95789.0,1.821320913,15.0,0.7604961183695165
6,3.9937841714921594,3.3188517475267023,4.770250553433714,442335.0,7.710728606,126.0,4.053831437960126
7,0.2413345321991062,0.12588739782551034,0.3777262898778061,181721.0,4.188548732,12.0,0.21505704523760505
8,1.2260638213179404,0.9428195986859875,1.5484871067647061,281892.0,6.409090463,67.0,1.371637676054831
9,14.842148591370211,13.969852588636504,15.672035155483158,7.6123944e7,1713.400758689,1618.0,15.892983011290763
10,4.655096033560894,4.484960049231903,4.835073872928064,9.435337e6,227.704829778,2704.0,4.762650397816805
11,10.05796654017022,9.907807544813132,10.211167613978375,2.48618502e8,5822.01600558,20837.0,10.191850904705122
1,NaN,NaN,NaN,0.0,0.0,6.0,13.77008302064618
2,7.01270715742875,4.2258943494719965,10.627454433661981,125892.0,1.698928481,19.0,9.504848273899853
3,2.2271873725044555,1.3225864175996982,3.3217529652143463,53386.0,0.744196614,17.0,2.5965462662388954
4,3.8892766074062086,2.879072703523261,4.9458697863108165,197993.0,3.173445501,58.0,3.6082578389903435
5,0.6497153870333201,0.3834411997445356,0.9901862463669866,105383.0,1.751086021,17.0,0.7604961183695165
6,3.7421541510493412,3.1130133769221935,4.4116772789923475,458420.0,8.216327836,132.0,4.053831437960126
7,0.2783872156301069,0.16623638391657844,0.42961895876050715,195473.0,4.08131008,15.0,0.21505704523760505
8,1.2705413078900427,1.0061041121032557,1.563721363498604,297146.0,6.513866656,75.0,1.371637676054831
9,15.04045079091873,14.225620079591659,15.954833769055705,9.3809345e7,2071.256001223,1805.0,15.892983011290763
10,4.658501042914161,4.485865635362662,4.828284977646291,1.0882997e7,251.887182197,3017.0,4.762650397816805
11,10.11867976657966,9.97546435380862,10.262278606743687,2.84267294e8,6569.260531279,23463.0,10.191850904705122
1,NaN,NaN,NaN,0.0,0.0,1.0,2.2499782031453766
2,1.5919880432756253,0.044198992973981166,6.025535162068355,1900.0,0.145195993,0.0,6.155346876012908
3,2.8990740330242626,0.32658773706477784,7.671895254269174,4786.0,0.081848391,1.0,1.658787589141137
4,3.2653988587337808,0.6163587305804354,8.495844212247126,8311.0,0.131802021,2.0,2.829699393357905
5,3.8659217054284487,1.366152068033468,7.400179899384458,19458.0,0.300388484,5.0,4.212811774870898
6,1.099403377906977,0.2058001766413339,2.666585742397253,10937.0,0.500584877,2.0,0.6222397919056775
7,2.401073095054828,1.0031067802522742,4.410906956832546,24009.0,0.536297648,7.0,2.6902938071917264
8,1.5603476348893548,0.6403536001721899,2.806313023121322,22628.0,0.540233974,6.0,1.0039994144502018
9,2.8648564647771124,1.6239986765089112,4.444960090669272,53590.0,1.456875536,16.0,2.0473616098246987
10,5.267172224643079,3.9835687092372014,6.7773576189775895,241162.0,5.939979139,58.0,5.303787794490692
11,3.3330945941701215,2.665246997336366,4.073849958463568,279074.0,6.374217903,92.0,3.0846780815758543
1,NaN,NaN,NaN,0.0,0.0,1.0,2.2499782031453766
2,2.962761956168157,0.35986157753099324,8.031903025085079,4598.0,0.171116088,1.0,6.155346876012908
3,1.1599815994028784,0.02426437694024597,4.23730324485822,2704.0,0.056889852,0.0,1.658787589141137
4,4.9273392742571716,1.4649788013838874,10.640377012025253,19064.0,0.2670458,4.0,2.829699393357905
5,5.725500386333046,3.0546869964067045,9.103495171135322,58367.0,1.23118504,12.0,4.212811774870898
6,0.5821331259754481,0.12696666038703794,1.4293827633301317,17847.0,0.358302084,2.0,0.6222397919056775
7,2.3776813415211233,1.3468510473640956,3.66897731094616,44641.0,1.135369789,14.0,2.6902938071917264
8,1.642238278692799,0.8870928742884603,2.6720720241986564,44282.0,1.014378875,13.0,1.0039994144502018
9,3.0660875555339713,2.106836654281294,4.125914758181806,118949.0,2.971587598,36.0,2.0473616098246987
10,5.149618428912069,4.275019683155468,6.09382753222973,485796.0,12.298776628,120.0,5.303787794490692
11,3.2343609746027955,2.778965684870708,3.7495637119127165,582842.0,13.371876402,187.0,3.0846780815758543
1,NaN,NaN,NaN,0.0,0.0,1.0,2.2499782031453766
2,7.179533274162007,2.574926090779277,14.414319238676027,51664.0,0.667326266,5.0,6.155346876012908
3,1.8418038193907358,0.518956690652194,4.2414960371372095,12433.0,0.218346748,3.0,1.658787589141137
4,3.413106682278573,1.827809252304994,5.6589789366215415,35767.0,0.523263028,11.0,2.829699393357905
5,3.9878777179392575,2.59814506088952,5.812348847163635,93544.0,1.810293924,26.0,4.212811774870898
6,0.4048973443206386,0.1373131336185976,0.7946423809801062,42712.0,0.765683313,4.0,0.6222397919056775
7,2.019542429649016,1.3296212580490359,2.838806734114728,89446.0,1.960026585,27.0,2.6902938071917264
8,1.087014516699268,0.6341522190641892,1.6983430905222623,74450.0,1.773569587,17.0,1.0039994144502018
9,2.449494296818446,1.837728871228069,3.153591728286566,155331.0,3.818021076,48.0,2.0473616098246987
10,5.429893661354563,4.638811808805463,6.33116086674619,805746.0,19.110077087,188.0,5.303787794490692
11,3.049766459457482,2.7023316327788915,3.423452793349572,828117.0,19.360203696,264.0,3.0846780815758543
1,NaN,NaN,NaN,0.0,0.0,1.0,2.2499782031453766
2,7.286330391627131,2.671805112887733,15.02197661263769,52681.0,0.671590491,5.0,6.155346876012908
3,1.8788706868983909,0.4984657178631441,4.142505448098567,10963.0,0.190958108,3.0,1.658787589141137
4,2.961994518461061,1.4240537795137105,5.345018927747985,29899.0,0.437482832,9.0,2.829699393357905
5,2.9633358719917537,1.6520382236762339,4.526350648243535,51510.0,0.88448642,16.0,4.212811774870898
6,1.3536684778187702,0.7122799139755401,2.2074243575872763,48796.0,0.89914488,12.0,0.6222397919056775
7,3.3854290425530857,2.457193675911073,4.533821268798955,143345.0,3.005381893,44.0,2.6902938071917264
8,1.3370478647857271,0.8993590481039444,1.8475559048192578,106808.0,2.664721739,29.0,1.0039994144502018
9,1.9513967127855887,1.483212998223256,2.457922044139961,183916.0,4.716872991,57.0,2.0473616098246987
10,5.261069531065698,4.589977221090781,5.969010031154966,1.039676e6,24.514005902,251.0,5.303787794490692
11,2.970348282120197,2.66101503262865,3.2834668392376303,1.073631e6,24.928048573,343.0,3.0846780815758543
1,NaN,NaN,NaN,0.0,0.0,2.0,2.2499782031453766
2,6.652935113104351,2.7862336062610575,12.432947623317583,49922.0,0.681100991,7.0,6.155346876012908
3,0.351607557252967,0.007447996915386005,1.284818919219963,8681.0,0.133022089,0.0,1.658787589141137
4,3.4535106239645152,1.777903978860183,5.713143799277314,38419.0,0.84305453,11.0,2.829699393357905
5,4.027329752250676,2.5991583669043266,5.737430738440512,84012.0,1.380033775,24.0,4.212811774870898
6,0.9269425319518497,0.4547522677783471,1.5204997960773734,49498.0,0.907360888,10.0,0.6222397919056775
7,3.0200527335733325,2.207766754721479,3.92795588910429,146974.0,2.997560651,46.0,2.6902938071917264
8,1.208969150685636,0.7947862908677409,1.6966225563316553,111744.0,2.560558045,28.0,1.0039994144502018
9,2.1799402054992174,1.6809139860718798,2.787578233643596,207281.0,5.067646926,67.0,2.0473616098246987
10,5.74410762608103,5.090605037609879,6.473477317770473,1.366789e6,32.363472476,304.0,5.303787794490692
11,3.2942896828836483,3.0004891232064996,3.621495151710548,1.433615e6,33.00447626,454.0,3.0846780815758543
1,NaN,NaN,NaN,0.0,0.0,2.0,2.2499782031453766
2,2.9212191808798305,0.6389466066534318,6.923498598668171,7903.0,0.150839629,2.0,6.155346876012908
3,1.304287505088284,0.16109724000584638,3.7601749164687535,6151.0,0.098465078,1.0,1.658787589141137
4,4.921405638533995,2.193906296869503,8.697775658398156,38210.0,0.599872866,9.0,2.829699393357905
5,6.64803479097798,4.56618298046459,9.216355687970623,187694.0,3.36675202,33.0,4.212811774870898
6,1.0434317399597528,0.5342899870896229,1.661969104116899,54559.0,0.978137563,13.0,0.6222397919056775
7,2.850250162267696,2.1228499842952835,3.6481858387177626,170513.0,3.702522589,54.0,2.6902938071917264
8,1.5166277382878761,1.1085822892297188,1.9674503750455774,156324.0,3.681233287,44.0,1.0039994144502018
9,2.20732586661499,1.774045192088915,2.681895411994085,277218.0,6.912472531,89.0,2.0473616098246987
10,5.255972558824724,4.712665516184408,5.836627465158373,1.498081e6,34.657795551,366.0,5.303787794490692
11,3.1394318097141287,2.860533872639458,3.4259060556167857,1.712793e6,39.562733197,537.0,3.0846780815758543
1,NaN,NaN,NaN,0.0,0.0,3.0,2.2499782031453766
2,6.15387690704615,2.9031235687632235,10.735228237165533,55867.0,0.754654315,9.0,6.155346876012908
3,0.9857205586718163,0.28096944205273483,2.0541867724673155,15114.0,0.207934641,3.0,1.658787589141137
4,3.9429930838434286,2.4515045537289133,5.808569135941178,73454.0,1.13124949,21.0,2.829699393357905
5,3.660005475041721,2.558527454524012,4.83294871530656,135841.0,2.268693991,40.0,4.212811774870898
6,0.8609868494930293,0.5112615801182522,1.3404577376812574,87794.0,1.806386253,17.0,0.6222397919056775
7,2.6104656693909134,2.0248683159201235,3.2677999456716353,200801.0,4.276322518,67.0,2.6902938071917264
8,1.196591119978497,0.8856092543777845,1.549505724261086,175410.0,3.939111015,44.0,1.0039994144502018
9,2.042568089043746,1.663204586891838,2.477103167931581,314471.0,6.884112029,95.0,2.0473616098246987
10,5.682486154417356,5.142955000711158,6.289354964792237,2.009643e6,47.442413768,444.0,5.303787794490692
11,3.1227018794015717,2.892143005511423,3.3891688764431893,1.943547e6,45.515037167,622.0,3.0846780815758543
1,NaN,NaN,NaN,0.0,0.0,2.0,2.2499782031453766
2,7.14166820442707,3.185483745856166,13.302518914497712,65063.0,0.851792722,8.0,6.155346876012908
3,1.251777524155262,0.35557820838172755,2.72395508071733,13522.0,0.519628167,3.0,1.658787589141137
4,3.9731474903509625,2.3839705046026354,6.055005230126106,65396.0,0.984027918,19.0,2.829699393357905
5,4.308431152263723,3.162097299084661,5.60154572841876,154731.0,2.639483742,44.0,4.212811774870898
6,0.6714779973199686,0.38326872139729457,1.0287025724884424,80488.0,1.695656799,13.0,0.6222397919056775
7,3.040150070187599,2.4077711770596886,3.7662876601544855,248673.0,5.007429909,80.0,2.6902938071917264
8,1.2725441629006846,0.9644609310165254,1.647521595094332,195411.0,4.372252568,51.0,1.0039994144502018
9,2.3132740639699434,1.9354863299939171,2.7533579153420082,406444.0,9.607149704,124.0,2.0473616098246987
10,5.352426740788563,4.908691344429079,5.850747975164209,2.183817e6,51.120213003,501.0,5.303787794490692
11,3.031173245502512,2.797230701529711,3.257366754939249,2.169002e6,50.438986569,699.0,3.0846780815758543
1,NaN,NaN,NaN,0.0,0.0,3.0,2.2499782031453766
2,6.914198416710791,3.3584490237635185,11.81982164279194,64395.0,0.869574454,10.0,6.155346876012908
3,1.3996549676676224,0.5364212528167948,2.719352778067512,21603.0,0.633277524,5.0,1.658787589141137
4,3.3862941219100313,2.17348981214192,4.949610730484681,71613.0,1.08859785,21.0,2.829699393357905
5,3.9427664070966366,2.8843409233431334,5.117592454631494,155095.0,2.553194834,48.0,4.212811774870898
6,0.8550904883039926,0.5367045774606373,1.255477360823197,92475.0,1.823076322,19.0,0.6222397919056775
7,3.1024530809243718,2.526446375057339,3.770954942672451,294188.0,5.74752694,94.0,2.6902938071917264
8,1.189640863042604,0.9004429912275653,1.5087963356279186,222872.0,4.994048414,56.0,1.0039994144502018
9,2.203803870035264,1.8639686790615682,2.5935429589837193,444171.0,10.554118247,136.0,2.0473616098246987
10,5.33285232981528,4.881836554438143,5.787655056270067,2.364115e6,55.491027708,561.0,5.303787794490692
11,3.0745375242213306,2.863407804956241,3.3030991294792877,2.479768e6,57.643324862,795.0,3.0846780815758543
1,NaN,NaN,NaN,0.0,0.0,1.0,2.49158348281969
2,7.115673077410562,2.7312623408953964,14.727208542123082,53323.0,0.6987882,5.0,9.109282537839759
3,0.4862875418733669,0.016026371680202135,1.7058890615739886,5975.0,0.390697044,0.0,3.2557646918349814
4,0.9325362183101397,0.11971368076434014,2.625829701020872,8268.0,0.126288096,1.0,1.0712276796021292
5,0.5984183940691189,0.012979011253357787,2.2337491536470995,5221.0,0.11741693,0.0,0.37022278061673874
6,3.0325959420910076,0.794570137693786,6.785027844216204,10981.0,0.206763714,3.0,1.1942025999109485
7,2.7246698899600914,0.8681198142687039,5.548679235291536,13976.0,0.284892601,4.0,1.9299028535905047
8,1.7973718376921168,0.6071930017049931,3.8629351398299008,15211.0,0.371207359,4.0,1.7191323990828458
9,1.128566385829944,0.33944313505089047,2.502745495615013,14701.0,0.379794608,3.0,2.7594873203644603
10,8.601996077583996,6.149116674601377,11.51779623982921,452751.0,10.704398593,47.0,10.384375515636926
11,0.7557093403470531,0.3760369550416553,1.2244973015347382,62882.0,1.741485023,11.0,0.7426526763638124
1,NaN,NaN,NaN,0.0,0.0,1.0,2.49158348281969
2,7.118109762456342,2.5472942444265296,14.628764862679532,53971.0,0.704866705,5.0,9.109282537839759
3,2.26126611924125,0.6885646194811924,4.774027974676075,14443.0,0.486184542,4.0,3.2557646918349814
4,0.8768621479823481,0.16364891033291376,2.1494477924417503,12610.0,0.20738846,2.0,1.0712276796021292
5,0.6162377177339431,0.06042140616750179,1.7949497319593604,10906.0,0.195843654,1.0,0.37022278061673874
6,2.1081815013157885,0.7940575358363597,4.133618806882851,17321.0,0.334631455,5.0,1.1942025999109485
7,0.9379311038347705,0.18236881075594416,2.27708651167278,12086.0,0.248369739,2.0,1.9299028535905047
8,1.7747971414524135,0.612567200930887,3.441069187638121,17940.0,0.417020266,5.0,1.7191323990828458
9,2.012659881565968,0.8869044939498781,3.61628833754811,24370.0,0.602997138,7.0,2.7594873203644603
10,11.027999591188108,8.620440251723023,13.719159684775702,1.615825e6,37.835194507,92.0,10.384375515636926
11,0.7540671269972778,0.4856817481328429,1.1190357348189544,114899.0,2.762660979,22.0,0.7426526763638124
1,NaN,NaN,NaN,0.0,0.0,2.0,2.49158348281969
2,3.0854101216962975,0.6312236218212726,7.035358715950781,7814.0,0.154997471,2.0,9.109282537839759
3,3.4572545590905923,1.3110209226264073,6.521880998683843,18070.0,0.534439845,5.0,3.2557646918349814
4,1.3797436756772303,0.3891073393848829,2.932995435046214,12934.0,0.222902603,3.0,1.0712276796021292
5,0.6081744586348584,0.09516262838730627,1.7033143526509638,11214.0,0.199150772,1.0,0.37022278061673874
6,2.1916443793338756,0.8385763756138184,4.135678924816894,21378.0,0.427257086,6.0,1.1942025999109485
7,1.346177407400341,0.44242303162116264,2.7528094434346944,16321.0,0.369021708,4.0,1.9299028535905047
8,1.1757001304796402,0.39251768203714343,2.230374170609127,17636.0,0.407629784,4.0,1.7191323990828458
9,2.350791858583878,1.1661159493359086,3.932103612880498,34341.0,0.851504573,10.0,2.7594873203644603
10,12.155908141689023,9.981686431345667,14.674698165759963,3.100573e6,71.944337433,129.0,10.384375515636926
11,0.7242780100799087,0.49272414462175473,1.0022443143649566,164390.0,4.090428706,29.0,0.7426526763638124
1,NaN,NaN,NaN,0.0,0.0,1.0,2.49158348281969
2,7.191335542242716,2.5805137650414958,14.794456468450191,52040.0,0.698512925,5.0,9.109282537839759
3,3.4737718326004674,1.5545232460720677,6.3097984114314345,25177.0,0.349884047,7.0,3.2557646918349814
4,1.4020839274593067,0.5207090292645095,2.8069602098400277,20274.0,0.310566675,5.0,1.0712276796021292
5,0.3861682535764458,0.05351196354983315,1.066809423053855,16951.0,0.294972445,1.0,0.37022278061673874
6,2.7236660068237604,1.4765464758481293,4.445716109092742,41048.0,0.803252329,12.0,1.1942025999109485
7,0.8198269976072967,0.28120782488845325,1.6441088405748958,25423.0,0.545644831,4.0,1.9299028535905047
8,1.8825033720218896,1.0392516713860427,3.0147070735634482,39426.0,0.902633389,12.0,1.7191323990828458
9,1.4540372196063074,0.7403885083749291,2.4062479386419158,45466.0,1.151268544,11.0,2.7594873203644603
10,11.344815454137546,9.677450955814882,13.321776895765812,3.295619e6,77.162681217,185.0,10.384375515636926
11,0.7418137677104187,0.5359800289147651,0.9608927294571454,238757.0,5.488007813,43.0,0.7426526763638124
1,NaN,NaN,NaN,0.0,0.0,1.0,2.49158348281969
2,9.02937792453824,3.7801502408296734,17.620343758296674,121781.0,1.885215788,7.0,9.109282537839759
3,2.2061829221574976,0.8223981858706537,4.24903183022916,16899.0,0.255494091,5.0,3.2557646918349814
4,0.9328281797359692,0.2692932237502889,2.062822359373825,17778.0,0.297753459,3.0,1.0712276796021292
5,0.6891176276015045,0.1406714087848852,1.6974126225289163,15306.0,0.252435124,2.0,0.37022278061673874
6,2.487246210083018,1.2409022983678153,4.210325982041804,29993.0,0.564914663,9.0,1.1942025999109485
7,1.6739297540552613,0.8132934672862905,2.952912717235146,27804.0,0.572384229,8.0,1.9299028535905047
8,2.2696790113655574,1.2655789950429235,3.4730837835031667,49772.0,1.361922814,15.0,1.7191323990828458
9,2.6310025790757976,1.7764747642459735,3.713417020204354,87822.0,2.108858377,27.0,2.7594873203644603
10,9.164875366155893,7.82109559633473,10.640450322968453,2.139999e6,50.008540502,220.0,10.384375515636926
11,0.7245259153070718,0.5537331240029323,0.9163480583346102,298653.0,7.101503168,54.0,0.7426526763638124
1,NaN,NaN,NaN,0.0,0.0,1.0,2.49158348281969
2,6.355039816659349,1.965435364667023,13.670286340545145,31464.0,0.467014468,4.0,9.109282537839759
3,3.0437307726452363,1.0510811280095116,6.118149459245023,17563.0,0.244444261,5.0,3.2557646918349814
4,1.786675650092024,0.6557602359106315,3.4751701029687454,18078.0,0.565034026,5.0,1.0712276796021292
5,0.6993212532434242,0.15783363963845873,1.7422696367143142,15191.0,0.2830553,2.0,0.37022278061673874
6,2.869488250203174,1.54028170167772,4.804640154467827,40868.0,0.766707347,12.0,1.1942025999109485
7,1.3877782047054443,0.6485909071375505,2.486576161741307,31181.0,0.672527481,8.0,1.9299028535905047
8,1.815204665470981,1.0691399369840924,2.8351313874497537,49688.0,1.136701361,14.0,1.7191323990828458
9,1.769216637793055,1.0839928142896391,2.637540865087045,63897.0,1.5640569,18.0,2.7594873203644603
10,11.814525293826561,10.332368406515098,13.495360981875047,5.454016e6,127.500711787,272.0,10.384375515636926
11,0.8289217231209877,0.6295659811592379,1.035532371259397,369079.0,8.765249907,71.0,0.7426526763638124
1,NaN,NaN,NaN,0.0,0.0,1.0,2.49158348281969
2,8.188583090243863,3.151328575240226,15.987335197876748,83967.0,1.079399531,6.0,9.109282537839759
3,4.367986427976567,2.200630557956271,7.315837742406003,41570.0,0.592149808,11.0,3.2557646918349814
4,1.2195099832697889,0.5135255873286123,2.2567716036743635,27165.0,0.702897454,6.0,1.0712276796021292
5,0.43273256315758496,0.08525948062540618,1.040551052360576,22049.0,0.3643583,2.0,0.37022278061673874
6,2.4851943658505196,1.4202155211882739,4.086292263852895,47659.0,0.874105384,15.0,1.1942025999109485
7,1.1032863640269386,0.5079667991558067,1.9172502422632334,35303.0,0.997068602,8.0,1.9299028535905047
8,1.8511113927126222,1.0845493510909827,2.6986747400712474,60407.0,1.2949932,17.0,1.7191323990828458
9,2.2767821453081623,1.4889511802451152,3.250656914682286,85288.0,2.063336349,28.0,2.7594873203644603
10,10.71522257544846,9.417781731783963,12.037849857960435,4.48877e6,104.337404614,307.0,10.384375515636926
11,0.6010616232649167,0.46273406097676223,0.7469119941604706,362548.0,8.489724218,59.0,0.7426526763638124
1,NaN,NaN,NaN,0.0,0.0,1.0,2.49158348281969
2,8.858590144703022,3.799776499621604,16.790089298229933,126508.0,1.925167566,7.0,9.109282537839759
3,3.3705375064784038,1.5801226300847646,5.942290983835878,30988.0,0.457657973,9.0,3.2557646918349814
4,1.4505867553840615,0.6855647897231449,2.540722897684672,27697.0,0.421121467,7.0,1.0712276796021292
5,0.4374878140678052,0.10396036596802079,1.0175886683707294,22488.0,0.380266844,2.0,0.37022278061673874
6,2.518028205365033,1.3971239813644316,3.856064608369593,49358.0,0.868502989,15.0,1.1942025999109485
7,1.5465050697932894,0.8307959284384991,2.593059869717366,46016.0,0.935124206,12.0,1.9299028535905047
8,1.7489267198442742,1.0646995659897391,2.6370920092989603,60660.0,1.597878882,18.0,1.7191323990828458
9,2.5008128381136565,1.7818343610524958,3.3694310272112205,112763.0,2.693325243,36.0,2.7594873203644603
10,10.751925113540386,9.539095562859446,12.019338835694919,5.703089e6,132.749411292,369.0,10.384375515636926
11,0.6072505370373357,0.4708217925760341,0.7621049662218523,468822.0,11.07242628,73.0,0.7426526763638124
1,NaN,NaN,NaN,0.0,0.0,1.0,2.49158348281969
2,10.959563860245725,5.044851330038326,19.092490015283165,373354.0,4.803486468,10.0,9.109282537839759
3,3.3948496662227834,1.7721988480757394,5.490391671290789,38439.0,0.562190627,12.0,3.2557646918349814
4,0.938297586264053,0.3775334200019775,1.7135040684747382,30054.0,0.771724853,6.0,1.0712276796021292
5,0.3695085771971625,0.07577680361196075,0.9255236613946269,26864.0,0.436641307,2.0,0.37022278061673874
6,2.637215560813842,1.598692989201912,4.039112125248695,59309.0,1.077586006,18.0,1.1942025999109485
7,1.7595479431826966,1.0291271571937244,2.7241852632790304,54555.0,1.321492945,16.0,1.9299028535905047
8,1.5378590314439449,0.9476916510598362,2.24896048028955,69672.0,1.489255121,19.0,1.7191323990828458
9,2.3221633421835643,1.6398357027993522,3.131374905634861,118746.0,2.786626873,38.0,2.7594873203644603
10,10.699727205294538,9.540078185936313,11.892332708808599,6.032171e6,141.294734269,404.0,10.384375515636926
11,0.6604090786042819,0.5265247810402495,0.8049806871911261,520772.0,12.34176643,87.0,0.7426526763638124
1,NaN,NaN,NaN,0.0,0.0,1.0,10.232389836395635
2,2.9005368910588123,0.3585515818686416,8.125719920076241,4719.0,0.109113088,1.0,3.0849470494237603
3,2.02860780694543,0.22859617105372954,5.438723641063485,4822.0,0.081120082,1.0,5.591561217104809
4,1.7416856728783914,0.22058959745717993,5.0947091636494735,5078.0,0.113243393,1.0,2.756643119600381
5,4.550546964105994,1.7522804039659428,8.52704561024314,25833.0,0.423078114,6.0,5.7672201553728515
6,0.36881104310832,0.009438037886101529,1.4433461961829932,8240.0,0.189796911,0.0,0.12930229784722946
7,0.7939602452573964,0.08587115443241862,2.204608676996005,9010.0,0.213649737,1.0,0.6167061249933131
8,0.5362809201911714,0.012453725892052729,1.970008254092437,5603.0,0.133373006,0.0,0.03686145769681824
9,9.49762251705166,5.407154655276883,14.31439237380413,271530.0,6.547754164,19.0,5.7696152915299574
10,1.2137273114736373,0.49928448037519174,2.1454616830603594,29445.0,0.733829236,7.0,0.7598930545055469
11,2.8361106608692377,1.88772787889385,3.9552111035539324,86896.0,2.310785887,27.0,3.5127231116823667
1,NaN,NaN,NaN,0.0,0.0,1.0,10.232389836395635
2,4.25686229319009,1.0042071784900042,10.390253476904334,10020.0,0.166712659,2.0,3.0849470494237603
3,2.3663215309312093,0.5244994698048503,5.4691012415432825,8118.0,0.14199413,2.0,5.591561217104809
4,3.0504591486724855,1.0913116605289752,5.978470540216873,17427.0,0.276678404,5.0,2.756643119600381
5,3.755845315531384,1.9743041967936539,5.963962408600445,41418.0,0.676788698,12.0,5.7672201553728515
6,0.16217851162086042,0.003916698459043306,0.5955290795767657,17334.0,0.381978359,0.0,0.12930229784722946
7,1.2477223386648595,0.4828833304150705,2.3175605567943998,24797.0,0.483211774,6.0,0.6167061249933131
8,0.4009062655746531,0.04574060398277588,1.0954123404705236,17222.0,0.458331365,1.0,0.03686145769681824
9,4.965729481919817,3.1433025456785835,7.100430351880742,102817.0,2.388283949,24.0,5.7696152915299574
10,0.7418714392331524,0.3045293355966575,1.405815713181559,36724.0,0.857566819,6.0,0.7598930545055469
11,2.4914482714991966,1.6696112609877554,3.463702746092962,91444.0,2.408553979,29.0,3.5127231116823667
1,NaN,NaN,NaN,0.0,0.0,1.0,10.232389836395635
2,3.058894343252336,0.33000151363992497,8.871620622111347,4831.0,0.113552072,1.0,3.0849470494237603
3,2.963405822328572,0.6050633685805912,7.098917164545528,7931.0,0.1341475,2.0,5.591561217104809
4,3.1061308431640855,1.0046391670678012,6.20742969059635,13839.0,0.230672845,4.0,2.756643119600381
5,6.999683064239843,4.217592472486146,10.233220818736552,140084.0,2.343069446,22.0,5.7672201553728515
6,0.3644220819545197,0.07377072672063163,0.8698310910368987,27309.0,0.755194391,2.0,0.12930229784722946
7,0.8744422454841275,0.37969055186314027,1.5660589352282912,37735.0,0.835240573,7.0,0.6167061249933131
8,0.2620187678261469,0.029437830254924285,0.7692060296522921,25826.0,0.586425545,1.0,0.03686145769681824
9,5.602926620041965,4.071515561251276,7.3661445229466755,189185.0,4.899100587,42.0,5.7696152915299574
10,0.7088031476219351,0.35654651922587755,1.201479071376872,61179.0,1.665886021,10.0,0.7598930545055469
11,3.59367343084853,2.832825554625561,4.4180185356407655,249790.0,5.711399673,76.0,3.5127231116823667
1,NaN,NaN,NaN,0.0,0.0,3.0,10.232389836395635
2,3.5359398293452635,1.0893983442843806,7.035732564980879,14365.0,0.292535605,4.0,3.0849470494237603
3,2.3013169061554133,0.8696770740472702,4.54032879751886,17340.0,0.232072801,5.0,5.591561217104809
4,1.9983832288701,0.8552748719707927,3.613838646438644,23589.0,0.337558113,7.0,2.756643119600381
5,4.862859434808538,3.2515108642565416,6.724424416601326,116057.0,2.214339802,30.0,5.7672201553728515
6,0.1554479984778324,0.020910610634385794,0.4073395783776506,40410.0,0.701068168,1.0,0.12930229784722946
7,0.8103494792648391,0.3684108589709234,1.419486217118506,49842.0,1.062954133,9.0,0.6167061249933131
8,0.19926454576238603,0.024221966423107193,0.5696752578055975,33767.0,0.753054607,1.0,0.03686145769681824
9,5.130012499983132,3.7910744610987797,6.72101640001727,200476.0,5.170927553,46.0,5.7696152915299574
10,0.7844019935160371,0.43148232668339226,1.204739188069513,69447.0,1.862613188,13.0,0.7598930545055469
11,3.785216738635581,3.049113595034537,4.66232218620824,317992.0,7.326389944,93.0,3.5127231116823667
1,NaN,NaN,NaN,0.0,0.0,3.0,10.232389836395635
2,3.017343368749617,0.8153566189269816,6.6393202252670465,10721.0,0.19635235,3.0,3.0849470494237603
3,3.5555677327410304,1.6709965597827374,6.301573670457795,28330.0,0.694090653,8.0,5.591561217104809
4,1.9746686750480278,0.8723046838139932,3.6074047795839514,27789.0,0.466320246,8.0,2.756643119600381
5,5.43239247519186,3.8172212669927914,7.352936957391433,182121.0,3.198403932,42.0,5.7672201553728515
6,0.1783051410704417,0.03933119338694298,0.4230550359180669,52723.0,1.19174914,2.0,0.12930229784722946
7,0.47718162412533227,0.20494926646502779,0.8495776656036009,59086.0,1.403780183,7.0,0.6167061249933131
8,0.23600489498857688,0.04955100905714196,0.5553029468355265,38264.0,1.103723793,2.0,0.03686145769681824
9,6.257619073402024,4.790998155827917,7.850315861914674,353770.0,8.453722189,71.0,5.7696152915299574
10,0.7179175193933056,0.4280401362047728,1.0875983246924084,101283.0,2.622438074,17.0,0.7598930545055469
11,3.070957695882594,2.505336458708109,3.6994638571345435,347140.0,8.273447151,106.0,3.5127231116823667
1,NaN,NaN,NaN,0.0,0.0,2.0,10.232389836395635
2,2.989369725618107,0.5887371118154745,6.983825544492283,7569.0,0.149784459,2.0,3.0849470494237603
3,3.9894811067490794,1.5210070813359369,7.341225217923964,23873.0,0.330748531,6.0,5.591561217104809
4,3.8675420051091063,2.098456616841589,6.04065419510753,44109.0,0.686775157,13.0,2.756643119600381
5,6.282151176385308,4.724836122737726,8.189376037870447,284632.0,4.74676417,54.0,5.7672201553728515
6,0.14321432351734287,0.02884555754420778,0.34294505174592294,62972.0,1.099299553,2.0,0.12930229784722946
7,0.6349377963351177,0.3262612291989199,1.0260419882447243,84804.0,1.974321802,13.0,0.6167061249933131
8,0.1212475315592669,0.013596320583098327,0.3181036371233493,53156.0,1.146663554,1.0,0.03686145769681824
9,5.5318474996783324,4.344483436648762,6.857039868683609,378505.0,8.596736497,82.0,5.7696152915299574
10,0.5988462461770849,0.35664520579124853,0.9233715037748581,113823.0,2.755179148,17.0,0.7598930545055469
11,3.121566143845025,2.575235167820886,3.6736377764542274,402644.0,9.478190966,123.0,3.5127231116823667
1,NaN,NaN,NaN,0.0,0.0,3.0,10.232389836395635
2,3.5942260040813365,1.1608455948743028,7.296896482270025,14950.0,0.24467896,4.0,3.0849470494237603
3,3.815663621335092,1.9442087182214436,6.7689592436238115,33741.0,0.46149095,10.0,5.591561217104809
4,2.359969576310629,1.2366969638054794,3.815531882637305,38358.0,0.622070513,12.0,2.756643119600381
5,5.7850713982080695,4.431694689536603,7.3051889306156035,280909.0,5.049996449,61.0,5.7672201553728515
6,0.1230456628823588,0.031368422353617614,0.2992808053257588,69378.0,1.191985988,2.0,0.12930229784722946
7,0.5766284931351003,0.31495746953949016,0.911045917804639,90184.0,1.998116156,13.0,0.6167061249933131
8,0.17202461801351904,0.035779565833684926,0.43672513423239434,56105.0,1.46126065,2.0,0.03686145769681824
9,5.817715750637625,4.683429753954488,7.021108780640492,468328.0,10.366796499,96.0,5.7696152915299574
10,0.6894476326417177,0.45545687302989074,0.9737797081288562,139124.0,3.704582674,23.0,0.7598930545055469
11,3.3677902739154764,2.874119587249527,3.879867884038773,510069.0,12.680718092,161.0,3.5127231116823667
1,NaN,NaN,NaN,0.0,0.0,4.0,10.232389836395635
2,2.9861514867342067,1.012932962983016,6.030312872552493,14769.0,0.263219706,4.0,3.0849470494237603
3,4.0233599331540955,2.136095624922158,6.483274632814295,44302.0,0.640141472,12.0,5.591561217104809
4,2.733517110631575,1.592914245417359,4.09006484042249,56445.0,0.915976746,17.0,2.756643119600381
5,5.707332112301465,4.476212128205987,7.031168198258262,352509.0,6.709338587,76.0,5.7672201553728515
6,0.09940498384542967,0.021018265103735195,0.24039452120479757,89848.0,1.589596873,2.0,0.12930229784722946
7,0.6229723923857523,0.3795708230175675,0.9359376327805317,116903.0,2.618185443,18.0,0.6167061249933131
8,0.08547156339005761,0.00972568887310936,0.24499703912478346,71739.0,1.97170828,1.0,0.03686145769681824
9,5.237355828680958,4.3075004919560635,6.300965111495254,459112.0,11.01989997,105.0,5.7696152915299574
10,0.6869555761002689,0.44096291769565893,0.98244267207648,152994.0,3.955001754,26.0,0.7598930545055469
11,3.08765229231743,2.630486339082617,3.594655294038958,518002.0,12.753007157,160.0,3.5127231116823667
1,NaN,NaN,NaN,0.0,0.0,4.0,10.232389836395635
2,3.443730762056663,1.2894803681390883,6.769090577779939,17171.0,0.293421109,5.0,3.0849470494237603
3,3.690926270657924,1.919920899844105,5.961543776193913,39338.0,0.623257094,12.0,5.591561217104809
4,2.876014736092642,1.7391803198939306,4.281099474662896,60168.0,0.949296382,19.0,2.756643119600381
5,5.355771755218779,4.177961030735177,6.618357635208934,325034.0,5.561408356,76.0,5.7672201553728515
6,0.09764234869074864,0.01955210649075318,0.23709858547625368,95795.0,1.699727933,2.0,0.12930229784722946
7,0.5512931776058841,0.3285201678193537,0.8388726232677796,112026.0,2.483733435,16.0,0.6167061249933131
8,0.1267685672070278,0.0271931122681741,0.2956832074512791,68891.0,2.093089893,2.0,0.03686145769681824
9,6.029220235928084,5.029676386533732,7.211066929774398,619812.0,15.068100834,124.0,5.7696152915299574
10,0.6717423073060246,0.4684051539279312,0.9398640433453346,172640.0,4.555932695,29.0,0.7598930545055469
11,3.0641339453544516,2.626066934981268,3.526541838777941,596974.0,13.692597743,184.0,3.5127231116823667
