week,meanRt,lowerRt,upperRt,totalIterations,runTime,reportedWeeklyI
1,NaN,NaN,NaN,0.0,0.0,1
2,4.392643779621653,0.11078144793658597,16.351453665967522,100002.0,0.724950185,0
3,7.38561411112228,0.8581278080315298,20.947883851514188,247062.0,2.721638961,1
4,3.1923295466703627,0.0782222625237971,12.20829120739298,100002.0,0.786173666,0
5,2.9166048689485606,0.07049914534695202,11.182248675047887,100002.0,0.772603251,0
6,2.7175522110092762,0.0647273176193515,10.468074916236056,100002.0,0.817379245,0
7,2.6180461883730604,0.06254212820250106,10.033982670814195,100002.0,0.829882744,0
8,2.5274815717130794,0.059920691748032516,9.659346208763703,100002.0,1.015788528,0
9,2.4869427848060446,0.06057050076334501,9.505857536718823,100002.0,1.068867496,0
10,2.435939964074046,0.059900643332332776,9.3361117845209,100002.0,1.064178064,0
11,2.3979673716345027,0.05533593972058829,9.237497160558181,100002.0,1.003743536,0
12,2.9622067011081032,0.06987393669585289,11.321511479198406,100002.0,0.929331064,0
13,2.927256716304882,0.07216988811147093,11.128560015616637,100002.0,0.967879957,0
14,3.544965776011389,0.08359137250237567,13.842922613730302,100002.0,1.103296248,0
15,3.641354894464961,0.08588052542307997,14.184825128880108,100002.0,0.951300782,0
16,3.7729499816833303,0.08935188384918066,14.759573283595818,100002.0,1.018134986,0
17,3.9687271429808044,0.09173224882912745,15.44155442570593,100002.0,0.970280475,0
18,4.156268099435409,0.09775832836730934,16.06181403396938,100002.0,0.886721126,0
19,4.336215039296224,0.10360137480969334,16.629563189130973,100002.0,0.882610938,0
20,8.855580618681314,1.6573508683899538,22.655081362636608,778704.0,2.4050605,2
21,2.840196359733683,0.06771897213254514,10.865898972793829,100002.0,0.764232592,0
22,2.771813709297659,0.061491889654361025,10.771335792628948,100002.0,0.77722017,0
23,2.6838549849004356,0.06262436875550469,10.340836707583996,100002.0,0.784351586,0
24,2.609306151364876,0.06433852584234905,10.005495259889987,100002.0,0.773651282,0
25,2.5587658187352575,0.06281952986744475,9.808974353527576,100002.0,0.786194276,0
26,2.4943366518358907,0.06507245400052834,9.612346069452931,100002.0,0.78083592,0
27,2.466639339760663,0.06480154252282823,9.504454665648312,100002.0,0.784504563,0
28,2.44974000186691,0.057035748958729315,9.385072567063308,100002.0,0.783074575,0
29,2.4096673010866128,0.05571941180930871,9.140018916283354,100002.0,0.791433254,0
30,2.4248150477618196,0.059123162914993706,9.169100431969445,100002.0,0.783052559,0
31,3.4903312838252782,0.08261691528901868,13.388067929422935,100002.0,0.774209394,0
32,3.5424297115754895,0.08079794672892418,13.983453424114119,100002.0,0.794125656,0
33,3.6460974616285204,0.08195115294720809,14.228309505532716,100002.0,0.778348118,0
34,3.7956077651149487,0.08791691101650403,14.775547577655853,100002.0,0.787694762,0
35,4.0060869725623425,0.0972155134114308,15.677695476506555,100002.0,0.785989956,0
36,4.2188510799405075,0.10000710672974442,16.23854688120206,100002.0,0.777872071,0
37,8.719480803601538,1.6072532748053239,22.5784819197213,634441.0,1.902436537,2
38,2.8032276493763177,0.06887084330935979,10.698056196762574,100002.0,0.761722705,0
39,2.721010409920246,0.06100201710042755,10.602049645323396,100002.0,0.786541608,0
40,2.660341088893056,0.06322886603847916,10.243778748303404,100002.0,0.780001182,0
41,2.613987992450668,0.06363912687084933,10.126818053783117,100002.0,0.783771142,0
42,2.518058834063475,0.05868135305363847,9.71352587184398,100002.0,0.780496694,0
43,2.472392380570966,0.05749563390154222,9.38900392849771,100002.0,0.778639562,0
44,2.4405771857768848,0.06030475243159699,9.380127805029897,100002.0,0.779058504,0
45,2.4066064598287804,0.058816214360700544,9.146436841272207,100002.0,0.779177802,0
46,2.4040831405132552,0.05990488442482622,9.236104502475593,100002.0,0.788325329,0
47,2.3951101232611367,0.05616282117760414,9.11926459755219,100002.0,0.780791892,0
48,3.464603569598095,0.08665392096737119,13.513903412302072,100002.0,0.785085143,0
49,3.5326487237406248,0.08230639204083696,13.641236622344405,100002.0,0.781080815,0
50,3.5891462768244,0.08762461030896562,14.018920048017955,100002.0,0.776523876,0
51,3.7847827710813444,0.08522366601191755,14.837077046644733,100002.0,0.781844564,0
52,3.988069005942136,0.09398162942378184,15.475529976981292,100002.0,0.778680428,0
53,6.1466617870461455,0.6808662945663111,17.936510453161702,294482.0,1.188914867,1
54,3.076292255332235,0.075673655111309,11.739626472685165,100002.0,0.74236968,0
55,3.032398221070075,0.07530878637756251,11.655850721749776,100002.0,0.770017422,0
56,3.036838386551056,0.07187014448508923,11.656212691044066,100002.0,0.771110868,0
57,3.0990812392658693,0.07180280099794441,11.96565622566549,100002.0,0.780812181,0
58,5.805117076827388,0.6440645062430164,17.267578833977275,164430.0,0.916663575,1
59,5.216906895518311,0.5836189368004456,15.533031067379016,146820.0,0.870429835,1
60,2.4373853848772318,0.057489809549070625,9.35410464905009,100002.0,0.755560515,0
61,4.41726714252188,0.4960518986281716,13.13392076257186,132470.0,0.869014144,1
62,2.030356067047098,0.04930284166682007,7.810194147737598,100002.0,0.761916812,0
63,1.9112279808742203,0.04449272366794792,7.309995657742464,100002.0,0.780086919,0
64,2.0569557239849052,0.04734371910939135,7.876359005791791,100002.0,0.776495688,0
65,1.9798467096196797,0.04542975087405623,7.618655247443806,100002.0,0.78048516,0
66,1.9277880045120932,0.046495304684693387,7.417639268421156,100002.0,0.841946856,0
67,3.6678683285083955,0.4093677062779943,10.828180433205803,122925.0,0.829837298,1
68,1.7811365999535924,0.04231931746260917,6.820971993563966,100002.0,0.802192035,0
69,1.9341258931416625,0.043224152863521804,7.516837477043342,100002.0,0.77796462,0
70,2.1724827644316727,0.051225030651833946,8.382594459803846,100002.0,0.787896323,0
71,4.072553729692951,0.45468475897753946,12.304486957114616,127788.0,0.851838177,1
72,2.298717109592176,0.05594453416227169,9.008591170028582,100002.0,0.768919717,0
73,2.2322482408303164,0.055459191080202794,8.67467682266775,100002.0,0.784925583,0
74,2.1940096210401694,0.05040003512636658,8.575305174160036,100002.0,0.77488313,0
75,2.197202400792445,0.051938985728135344,8.60035400690145,100002.0,0.789112699,0
76,2.2119735618063334,0.05450577281085949,8.559829545514692,100002.0,0.786267933,0
77,7.753523394294129,1.8761237249860634,18.73000365536428,212096.0,1.087159491,3
78,2.090996716980572,0.04843739077532532,8.10649461953186,100002.0,0.760837118,0
79,1.9445359858774551,0.04797151807544357,7.493554212222469,100002.0,0.77362047,0
80,1.7997742609105893,0.044585652636538756,6.927407435439766,100002.0,0.77702968,0
81,3.2876162815259704,0.37670524519793475,9.771874533165452,119096.0,0.813065595,1
82,3.3868039539101225,0.3732856045260901,10.046006432684585,120543.0,0.845423765,1
83,1.5685496643538361,0.0364498980816945,6.041224959055796,100002.0,0.763418345,0
84,4.246652609654591,0.7953584907759554,11.02119161383608,133455.0,0.873184969,2
85,3.7426661364072356,0.7227595479261378,9.660585429324792,127791.0,0.840548819,2
86,2.196618822671524,0.2548427865722599,6.418449169864684,110937.0,0.791725774,1
87,1.968178798865402,0.22666334236123378,5.749818318005557,109351.0,0.815619264,1
88,3.249431374507026,0.617881424981972,8.396086632436235,122991.0,0.84383198,2
89,3.6726266361624984,0.9263721124773616,8.63381316894882,129073.0,0.852556295,3
90,3.126787265251072,0.7853897089122236,7.284853372152906,123064.0,0.830402435,3
91,1.984514106343299,0.3910103264110139,5.002353023430509,112518.0,0.813327865,2
92,1.2156451138165805,0.13661654089428985,3.507469916620235,105293.0,0.781443272,1
93,2.7640434629589268,0.8364580535297883,5.9646793939853495,121275.0,0.847004583,4
94,1.4439549319393488,0.28458070688730025,3.618280329306618,108496.0,0.7975019,2
95,2.2987421875702125,0.7089748078153343,4.967364474838298,117093.0,0.834523955,4
96,2.182131941948723,0.6740811127442649,4.690352966625976,115882.0,0.820847274,4
97,1.5763065452584144,0.41554264533632734,3.5897290531767467,110555.0,0.809257574,3
98,2.1256208701242896,0.7426278591853969,4.326076964584838,116248.0,0.828191215,5
99,1.9853728023855122,0.6858470556285895,4.043190663461276,114665.0,0.819919892,5
100,3.1328649805334123,1.4293935099547501,5.625374517968223,126704.0,0.846045752,9
101,1.4499607376905672,0.45927240784299883,3.0629472923276304,110167.0,0.799600511,4
102,2.3229529140955236,1.0139084277444514,4.243798247493581,118644.0,0.837382577,8
103,1.3480136528052702,0.47935455571653734,2.693830781211022,109453.0,0.796104904,5
104,1.0575888959000121,0.33368854748612675,2.221810202749749,107186.0,0.805410683,4
105,0.5757931828092693,0.11449554167322964,1.4085819477948258,103200.0,0.785541973,2
106,0.7500558719315337,0.20337214155327682,1.6810837904139764,104839.0,0.804991609,3
107,0.5518883527949388,0.11231394435666084,1.356889787474855,103166.0,0.786962238,2
108,0.3579897806290787,0.043489067728044194,1.0283482156777346,101515.0,0.796017816,1
109,0.18977676525916137,0.005048530728968204,0.7074285014739802,100002.0,0.77936483,0
110,0.810176748704181,0.2136300050440233,1.8304821544760008,105180.0,0.798734822,3
111,0.24449437928416232,0.006246579001266969,0.9229113325801364,100002.0,0.774210887,0
112,0.5346722741380152,0.06172891441337082,1.5092661462026462,102221.0,0.78874758,1
113,0.6930944106707,0.08205592502196658,2.0024536429843405,102996.0,0.798212014,1
114,0.4231660859825282,0.009078487699673789,1.6068003018111636,100002.0,0.784014441,0
115,1.5180790779118374,0.2970217421892086,3.8505614347163544,108839.0,0.812915759,2
116,1.640473109578622,0.3230716524437617,4.145037868859907,109789.0,0.824060083,2
117,1.8868246514444251,0.3602633560571899,4.828875597817676,111421.0,0.819991219,2
118,5.198302982251128,2.020116719623343,10.294147744545858,150011.0,0.888995034,7
119,1.1969332345170125,0.13963697758383806,3.4845583354361755,105297.0,0.772325392,1
120,0.52180669376779,0.01306950481761067,1.971059932931659,100002.0,0.778982268,0
121,1.6402873756964096,0.31989993751439566,4.13569100076246,109769.0,0.821436226,2
122,0.97398810407448,0.11729407517975221,2.8002608404590186,104263.0,0.7807524,1
123,1.8345026826124182,0.47821807657456744,4.208494897034321,112292.0,0.82914212,3
124,0.8781571171636324,0.10196932588126363,2.5465559795708983,103864.0,0.784628849,1
125,0.4000032909439862,0.00994305876979044,1.5158593337926936,100002.0,0.78339312,0
126,1.2502068750798432,0.239746917889265,3.1467913349357852,107262.0,0.807599994,2
127,0.42968214147831585,0.009448387975053627,1.6094544940493183,100002.0,0.766191906,0
128,0.4562877557975065,0.013451243917686102,1.7303196613148801,100002.0,0.783635628,0
129,3.174341017869315,0.9476484093283001,6.996410543819546,124721.0,0.851293239,4
130,1.8789090487054172,0.37070466856916584,4.75346821659265,111283.0,0.811116813,2
131,1.7115520843299936,0.33495709793454703,4.324590922538813,110429.0,0.811316048,2
132,1.1755462797097898,0.13653326918552447,3.4112291999152577,105148.0,0.791210649,1
133,1.1401015465500208,0.13220789818895143,3.3025931205540413,105026.0,0.800818815,1
134,2.4818772027425706,0.631067598526795,5.782317581701571,117225.0,0.836362533,3
135,0.5989642007477657,0.015560096249903857,2.259421820886125,100002.0,0.764912411,0
136,2.1669524050729625,0.5593473678851066,4.9897534914311805,115084.0,0.8398611,3
137,1.6362161562323063,0.31467700860125913,4.1341109659254744,109889.0,0.806772649,2
138,0.9853140201762048,0.11474347494560033,2.8357946813320973,104305.0,0.794509847,1
139,1.3613850839950277,0.27273286361694576,3.408116375340373,108005.0,0.81287205,2
140,1.0144750401058649,0.11568750163084941,2.9473254627969836,104376.0,0.798231804,1
141,2.572849290623608,0.7713124549178642,5.566482964109913,119342.0,0.845223059,4
142,0.511807203164238,0.012752830877799517,1.9636689554219404,100002.0,0.762823237,0
143,1.9674491007199517,0.5136137803319748,4.534137105764303,113309.0,0.82869082,3
144,0.9443636093923674,0.11441362357680943,2.7172989756067065,104068.0,0.786371764,1
145,4.384561476835905,1.8388984305725542,8.262926548117395,139683.0,0.894140606,8
146,2.529297545872985,0.8684972437045877,5.2059830010879775,119357.0,0.833453134,5
147,1.6361978579987047,0.4220873825136662,3.757114116514199,111100.0,0.807013241,3
148,1.1263747846111822,0.22734906981164751,2.811514630318421,106482.0,0.80196046,2
149,0.6783458141342061,0.0783795735848734,1.9453830519859443,102816.0,0.790003615,1
150,1.6032401182294935,0.5010008796663775,3.4020083048706478,111074.0,0.834875611,4
151,1.7603246945335422,0.6235297233440653,3.556625395869956,113032.0,0.827282895,5
152,1.2028076382473565,0.31459338737834586,2.719169546718427,107697.0,0.79945172,3
153,0.5301893863786986,0.06159302268406955,1.5106859622571505,102157.0,0.778401851,1
154,1.3250397066281432,0.41111949646315626,2.8024986386103476,109182.0,0.816786674,4
155,1.2505783160668085,0.3898881572204864,2.6422297883866155,108519.0,0.863424747,4
156,2.01482757158024,0.7844681527715419,3.9184012205375436,115551.0,0.826669332,6
157,0.9021190886176633,0.18103998562696882,2.2285790356531487,105249.0,0.80765781,2
158,1.1840589478203116,0.31383262437272,2.683280740842657,107671.0,0.802743809,3
159,1.1116079505867245,0.29520887182460814,2.5077147389497934,107227.0,0.80439261,3
160,0.778857113021023,0.15569025211548096,1.9208256596034736,104334.0,0.793885743,2
161,2.115476784789465,0.8702698296020109,3.983030215315864,116438.0,0.83335157,7
162,1.105296371227697,0.2907966481910163,2.505061907105589,107086.0,0.796279618,3
163,1.0724842071261644,0.2827503511926751,2.4202284813946564,106849.0,0.799211789,3
164,1.2431706316499154,0.3881458278561399,2.626794698208635,108554.0,0.822278954,4
165,1.5058469289116174,0.5285934979963384,3.0327158178887728,110837.0,0.815565796,5
166,2.5118564129285557,1.1490099336656954,4.505068792609918,120695.0,0.835213971,9
167,2.0709017385155666,0.8545950229072807,3.880519140582626,115911.0,0.81671881,7
168,0.9314933185589549,0.24507481289651872,2.1081490023187914,105890.0,0.791058031,3
169,1.5228742521099041,0.5914283293577509,2.952776210712202,111390.0,0.816081346,6
170,1.4158824960806105,0.5496310851202161,2.728114005049897,110261.0,0.810433911,6
171,1.4774544270449275,0.6112752460176952,2.764360491663323,111150.0,0.814887961,7
172,1.8895446203376527,0.8718709745079729,3.353983101651961,114909.0,0.824842578,9
173,0.6933411194378815,0.18136188992700847,1.5536422856836434,104324.0,0.788082083,3
174,1.1321514401243198,0.45087609665347134,2.155835911325524,108208.0,0.809735911,6
175,1.2348585877718627,0.5217698040766556,2.279719479704331,109392.0,0.809450477,7
176,1.2108912662710531,0.5100481207449092,2.241853899525555,109036.0,0.813061948,7
177,0.9647853096653112,0.3456090037121064,1.904320109925135,106731.0,0.795968587,5
178,0.6496799561048642,0.1699783180551812,1.4668867481145693,104108.0,0.790791138,3
179,1.234302868838056,0.5179198319050521,2.272197013938153,109005.0,0.818727281,7
180,1.2414561888780364,0.5236292216904586,2.3161893250420253,109245.0,0.814670944,7
181,0.936010379649693,0.3366157602425171,1.8605831477981845,106418.0,0.802917748,5
182,0.6421201761366861,0.16872963712607605,1.429706280340411,103949.0,0.787738949,3
183,0.6926654839695866,0.18216155551839033,1.5511668683133737,104262.0,0.793942617,3
184,0.6647484941446067,0.18065607364882255,1.4985550619744659,104116.0,0.799321194,3
185,0.8617595867508829,0.27405203892384783,1.811309373894232,105880.0,0.808390467,4
186,1.4705426020536703,0.6129142498963175,2.745467597550677,111029.0,0.818958241,7
187,1.3779145665199677,0.5377593886011853,2.6484712987352563,110009.0,0.80669252,6
188,1.1947077622630247,0.42014925622541693,2.39500961145903,108516.0,0.816055527,5
189,0.5820187380363593,0.11831487678503855,1.4170488313635314,103213.0,0.780390184,2
190,1.016903716615327,0.3155196526861797,2.1471376827802215,106762.0,0.81239943,4
191,1.3045544541604481,0.4596967171679678,2.614586632009778,109442.0,0.817883486,5
192,1.3295037896012145,0.4719302721237671,2.668117050635967,109503.0,0.806094106,5
193,0.6378103242817653,0.13118348267350846,1.5738355026146782,103447.0,0.782520534,2
194,0.41156483440947794,0.04950902943979241,1.1663975485780023,101708.0,0.793801515,1
195,2.846205156039016,1.477629915530131,4.749930437617745,124130.0,0.860420077,13
196,1.4018251984798846,0.5398244438656273,2.696331269637632,110324.0,0.806184304,6
197,1.890232125748504,0.8347633096285878,3.421434321451678,114642.0,0.827825614,8
198,1.6742657037628048,0.6944218056834007,3.130063815068937,112679.0,0.811856088,7
199,1.6042944859721182,0.6709098021535841,2.9795481402752215,112111.0,0.814938683,7
200,1.0731148756601243,0.38224884489866545,2.1271648804737744,107468.0,0.814543617,5
201,0.6661629383131418,0.17893483854925352,1.488233030817701,104122.0,0.784219155,3
202,0.49084004063341774,0.09457402943692697,1.2062750918418053,102729.0,0.790856393,2
203,0.6520063650792428,0.1678455864786592,1.4486562071507025,104003.0,0.794588626,3
204,0.6191365679874817,0.16223551354078194,1.382936309478044,103817.0,0.817329411,3
205,0.8757406102792414,0.31017796525109415,1.7495469315543892,106096.0,0.793156738,5
206,1.2348919797144446,0.4837584859097715,2.3781561753403757,109014.0,0.820515695,6
207,0.741519545421823,0.19486225257496192,1.6600412922546535,104593.0,0.788528167,3
208,1.2273822760547748,0.4365050436662312,2.457847110959198,108512.0,0.816953927,5
209,1.3163500720496317,0.4647332116926451,2.6512795762668677,109477.0,0.814620596,5
210,1.191088326109196,0.37271609080586676,2.529091077255692,108027.0,0.800057604,4
211,1.4713248176601341,0.5094630641489443,2.956263815966801,110541.0,0.827073703,5
212,2.7911608119177083,1.3762626073594708,4.827472605032564,123709.0,0.848152845,11
213,3.3621051790245886,1.8260032870490635,5.456948094722363,129698.0,0.843395025,15
214,1.5046379411237811,0.6254604040937441,2.7963354226203276,111266.0,0.809637364,7
215,1.175239537747222,0.45086767800970423,2.2423996589762636,108581.0,0.805064288,6
216,0.7865240364279167,0.2531047046155316,1.635408015956766,105242.0,0.784286117,4
217,1.3538159275702057,0.5994975660019942,2.4433953953044907,110309.0,0.821773742,8
218,0.8321973684882594,0.29981807012327116,1.6485099547069768,105754.0,0.793609191,5
219,0.7993994452041453,0.2847136794968697,1.5893961050408922,105510.0,0.799494497,5
220,0.7797998135285299,0.2782391290678913,1.5491364017128875,105441.0,0.799452881,5
221,1.1330252007939416,0.507465862026033,2.028680739799288,108437.0,0.808491412,8
222,1.1122506683084386,0.4973348851772247,1.9981171281690302,108429.0,0.810712735,8
223,0.8018683289110158,0.2892341005295288,1.5952708049769682,105609.0,0.797938576,5
224,1.4102868799169257,0.6246425659368587,2.541442314720997,110916.0,0.824332586,8
225,0.7902286846037653,0.25029877253598953,1.6519749174351133,105252.0,1.021904163,4
226,0.3123580760579639,0.03849245441377979,0.8874951459612246,101228.0,1.027203758,1
227,0.458084116155702,0.09535474264531311,1.1288993413572155,102577.0,0.823907827,2
228,0.6534234554892838,0.17908080812402857,1.4597015747433808,103989.0,0.850825057,3
229,1.1823600360279074,0.45942306030135605,2.2510191543015394,108498.0,0.86180117,6
230,1.04371613953879,0.3703621762395674,2.091543015026836,107395.0,0.856085301,5
231,0.3579019543120217,0.039384736712375606,1.012568729540813,101488.0,0.80107951,1
232,0.8059957752822621,0.21374341032652877,1.8201281320964804,105075.0,0.834749851,3
233,2.266240547791207,1.0436783760104704,4.040397353108222,118186.0,0.881189483,9
234,0.9372087212510674,0.2540424433800539,2.1084626715889296,105843.0,0.81368129,3
235,1.315029933856211,0.41062951683223164,2.8003542009368894,109012.0,0.855017721,4
236,1.2990161639165096,0.4016265288363944,2.7617784534815364,108951.0,0.910260848,4
237,0.9443940900350359,0.2500329478775276,2.1269070164978343,105912.0,0.797998357,3
238,1.1068824145977896,0.3551744530824703,2.3221808817697904,107549.0,0.824888171,4
239,1.5115383707709478,0.5776210939400479,2.9267723602742732,111133.0,0.822405884,6
240,0.22814887673267606,0.006023548997674896,0.848611999173063,100002.0,0.763763367,0
241,0.710465783974328,0.1415888724107236,1.750055157442872,103943.0,0.784797851,2
242,1.110000606365268,0.35015585136661775,2.3584614699634314,107574.0,0.820080132,4
243,0.6710123387106686,0.13000826381929134,1.6474310017876894,103716.0,0.777853924,2
244,1.5983721921216782,0.5616146137810427,3.2181633631232187,111675.0,0.830001347,5
245,2.6344586288067995,1.1957430914284362,4.7198292272619105,121790.0,0.842300206,9
246,0.26351254133032376,0.005953106943376221,0.9810675363266819,100002.0,0.75575163,0
247,1.065371900634379,0.2829268766137541,2.406357086089386,106844.0,0.806018203,3
248,1.30129621190515,0.41141651977814,2.755988337044704,108880.0,0.804362986,4
249,2.10008457795093,0.8612281543242387,3.948571827875599,116410.0,0.838535759,7
250,2.76662953754109,1.2627254064137274,4.9794663536514365,122851.0,0.838980914,9
251,1.8785580841382987,0.7801882953538896,3.5109746085150664,114272.0,0.811596446,7
252,1.6982395076880565,0.7084600049093168,3.1535130561300457,113014.0,0.812219456,7
253,0.7996715717328389,0.21716003584635682,1.7930372079453252,105004.0,0.783895957,3
254,1.2661047694226326,0.48836742751673656,2.423853402622847,109296.0,0.807457318,6
255,1.2342042856977171,0.4843945713537059,2.3572802922334364,109075.0,0.814625414,6
256,0.9436035950029745,0.2966298331064125,1.978905214433628,106295.0,0.787361146,4
257,2.1538959868111363,1.0990122298314438,3.5799956188728417,117443.0,0.843665722,12
258,0.6182148804192276,0.16235535411654217,1.376138783205643,103884.0,0.777051608,3
259,0.44532725333699885,0.0886904676757678,1.0887782861077493,102451.0,0.784221745,2
260,0.30623217459619195,0.038876908918211904,0.8677145893374578,101232.0,0.789851914,1
261,0.9970693916800019,0.35327193775200355,1.9881238392959435,106952.0,0.812360801,5
262,1.579513750420962,0.7016504079490351,2.8418422088723294,111921.0,0.820720445,8
263,0.7414550859530081,0.1994650367620172,1.6606355248970672,104524.0,0.784188681,3
264,1.0788621078193756,0.3866202944808337,2.1510613193862143,107713.0,0.798578278,5
265,1.5017523807472322,0.626947912063941,2.7782829965129534,111294.0,0.821493823,7
266,1.1525313418349252,0.4085864404572168,2.3207066020335114,108256.0,0.797063147,5
267,2.2391768809599046,1.1058818672671882,3.807273320228993,118375.0,0.844129428,11
268,1.5164060593442377,0.5833223799110793,2.931419514625228,111229.0,0.806681403,6
269,1.7845210592145486,0.784609958599789,3.243087632497158,114024.0,0.81969436,8
270,1.0595891218210947,0.37439820340720115,2.1268066022208645,107462.0,0.79017748,5
271,0.6233134136672034,0.16765740883616426,1.3974222094114073,103917.0,0.785684251,3
272,1.218295615447034,0.5168488725979681,2.2541903177947575,109042.0,0.812708838,7
273,0.31428331737870324,0.03654262036723891,0.8905250353865358,101277.0,0.785787933,1
274,0.4518441962564593,0.09030357399748723,1.1071024804370047,102516.0,0.784454938,2
275,0.7570607471849975,0.23524320829487447,1.5894736715464455,105190.0,0.806173015,4
276,1.2905030144250895,0.5395343473765247,2.4046951222808532,109592.0,0.802052992,7
277,0.8284621889873411,0.2654646682916458,1.7404321295472842,105531.0,0.80795889,4
278,0.7784059891868759,0.20302626622608205,1.731104189779082,104812.0,0.790151761,3
279,0.8123494390078969,0.2128303915303409,1.8241883876977956,105195.0,0.801226488,3
280,0.6884723695895152,0.13813011889654328,1.7026593636432317,103800.0,0.794482276,2
281,1.2039764467111578,0.3791392652307684,2.5511604905949112,108047.0,0.810374645,4
282,0.7096808137408696,0.14330758696191648,1.7554725610310438,103910.0,0.791774695,2
283,0.7986267931017168,0.15848774921986453,1.9798968916968949,104536.0,0.799810777,2
284,2.010756550690832,0.8319155602353242,3.7830812710038093,115520.0,0.823974992,7
285,0.7286561717864596,0.14854092923021708,1.8024869496221334,104059.0,0.77835901,2
286,0.7529687651780558,0.15166783620348198,1.84834755442783,104239.0,0.797976598,2
287,1.693548347466013,0.5950496772959297,3.43447303324047,112399.0,0.837470527,5
288,1.4507337023402136,0.45603943563503657,3.0741072065950488,110129.0,0.805035556,4
289,1.1485679402203228,0.3029855844165239,2.5924355053000996,107273.0,0.790367693,3
290,1.6863571106506852,0.5937556461160559,3.3885716409689155,112100.0,0.821683082,5
291,1.577761002629767,0.5647234594662924,3.1748371314037116,111429.0,0.812099818,5
292,1.3181899705819975,0.4121702534388002,2.787432650692542,109063.0,0.811861454,4
293,1.4799258223477685,0.5198820562976499,2.9708623323825245,110700.0,0.815484205,5
294,1.3780945100460558,0.4879792491142535,2.7770309787439698,110005.0,0.812101181,5
295,0.4937114587313078,0.05661133145326613,1.40915382800057,102099.0,0.779555053,1
296,0.9225367358503782,0.2510355529587782,2.0796291842563885,105929.0,0.808129972,3
297,1.5399414945489796,0.6023553390217957,2.975970000525609,111343.0,0.818560248,6
298,0.6827752977361827,0.13666060278737105,1.6823013984289459,103853.0,0.838377434,2
299,1.5913268814543677,0.6209248170740722,3.094296017669299,112060.0,0.831589602,6
300,1.7708130301655118,0.733883395625269,3.2957432179577117,113687.0,0.813447686,7
301,1.1213121449272954,0.35602662905519966,2.374969874229432,107549.0,0.790539712,4
302,1.3580630779740717,0.47228446180469735,2.7568087734490714,109758.0,0.801836482,5
303,0.8859923183221263,0.2359476841367195,1.9845902379668445,105590.0,0.795751985,3
304,0.8941157971734377,0.2400285464769446,2.0052630545535863,105608.0,0.791295926,3
305,1.8186266673163993,0.7560244034289855,3.4122590921475373,114138.0,0.822132834,7
306,1.8603322470994668,0.824031883172862,3.377172114399135,114465.0,0.820807642,8
307,0.7781538912406171,0.2033966918261154,1.7537841434766233,104738.0,0.780091003,3
308,1.2008586452043122,0.4306415939716962,2.4008603092724585,108548.0,0.812725626,5
309,1.2999435363558247,0.5074185840106895,2.4955686651450892,109389.0,0.815452155,6
310,1.317437914006551,0.5128618093009951,2.5399365353562606,109795.0,0.818925005,6
311,1.3658368226526592,0.5304569756260313,2.616589640556302,110095.0,0.814917353,6
312,1.3197625166447766,0.521913833338177,2.532622782973112,109697.0,0.809238634,6
313,1.290829066366165,0.5060885340068706,2.476636047611029,109484.0,0.811496511,6
314,1.5554356485257195,0.6871548970348625,2.80098148862498,111900.0,0.81853498,8
315,1.1232736474336698,0.44351061184820273,2.143609004489776,108264.0,0.802819237,6
316,1.4654711414567263,0.6526845166324057,2.6542509653572517,111207.0,0.818098347,8
317,2.3353808624720678,1.231951372986948,3.8348843940810524,119248.0,0.83986672,13
318,2.266296868544112,1.2344658461545384,3.6669409116617837,118972.0,0.821640905,14
319,1.8126912048121584,0.943192357897806,3.0066490317954058,114647.0,0.818635227,12
320,1.4203936566091655,0.6906818893333817,2.4383821035531845,111032.0,0.80183385,10
321,1.199979479290356,0.5601362864567369,2.096673156829786,109323.0,0.806864602,9
322,1.4539073349698335,0.752900177422696,2.4001054931363495,111579.0,0.81943339,12
323,1.2464875226722012,0.6348261641948955,2.0980052539260097,109634.0,0.837078292,11
324,0.8761173387372561,0.38851703385320735,1.5661312775579959,106620.0,0.805429499,8
325,0.6573851650013409,0.26029154695640916,1.2347223326656502,104648.0,1.066513639,6
326,1.3488524421558687,0.737798755198271,2.1608431592846102,110746.0,0.825553649,14
327,1.1396938809898616,0.5906929786983517,1.8658931041352493,108739.0,0.788669618,12
328,0.9026702132872955,0.42805709130653,1.5677333141520264,106689.0,0.783219841,9
329,0.8517899632521689,0.3853611600585087,1.5098775747928477,106318.0,0.795591602,8
330,1.2585127415278639,0.6516278128203316,2.0695453317944037,109825.0,0.803559632,12
331,1.3517008821554728,0.7239625798584508,2.2032617867703457,110697.0,0.810844773,13
332,0.7557369699620906,0.3253674350739021,1.3816299189331571,105574.0,0.776074592,7
333,1.5465871031906844,0.861066093213714,2.4514151278284446,112443.0,0.828477021,15
334,1.64418250031194,0.9385726135252416,2.575667322773443,113549.0,0.809646825,16
335,1.2038429062573188,0.6242829676977864,1.9839132334492464,109314.0,0.794247476,12
336,0.9483447256093914,0.46172538440578753,1.6116870100170664,107097.0,0.794324578,10
337,1.492155336012492,0.8473406258722755,2.3400664332538104,112120.0,0.814136452,16
338,1.733569668156452,1.0272882303340165,2.6301423088464566,114438.0,0.81008162,19
339,1.2285765662082122,0.6726934578778011,1.9683774062333483,109724.0,0.80264678,14
340,1.0763293762200017,0.5764543878009202,1.7332464249719972,108459.0,0.789115818,13
341,1.4959019739232677,0.891547722471894,2.264211876242539,111814.0,0.819901071,19
342,1.0998439467322059,0.6052495830633218,1.7517114626784283,108667.0,0.797012283,14
343,0.8788398158621392,0.4622130698686554,1.445315588623111,106749.0,0.794538976,12
344,0.7425193641554924,0.3626515337006263,1.260362134396136,105634.0,0.780529318,10
345,0.9596603753379875,0.5104585252358202,1.5547262528456793,107371.0,0.793964351,13
346,1.0817110212956722,0.6089773011763059,1.6973527709818215,108579.0,0.80108417,15
347,1.1771376231894004,0.685873516270584,1.8115092223578366,109693.0,0.812825384,17
348,1.1974379600914358,0.7004382610671905,1.8422414264709595,109721.0,0.80742798,17
349,0.9697001717345628,0.5175829642985988,1.5715232125722307,107554.0,0.805878409,13
350,1.0355652170789442,0.575425023187559,1.6583813568577894,107965.0,0.787325991,14
351,1.7621311922801908,1.1279774758171786,2.5697848325152552,114975.0,0.830697876,25
352,0.6959031056136087,0.3271296063552036,1.2121061453803692,105277.0,0.781178036,9
353,1.8529267400387206,1.1993259138339158,2.6835022225728262,115690.0,0.832952883,26
354,1.3767977682959107,0.8379401800869013,2.067730774979157,111064.0,0.819890109,20
355,1.1615096457176248,0.6893644896493604,1.7668732389703938,109545.0,0.799924894,18
356,0.6999309045160915,0.35697149930191185,1.1663087745565501,105369.0,0.789762063,11
357,0.9742254558091589,0.5595158797375278,1.5055898863458301,107659.0,0.791581781,16
358,0.746340400847871,0.3936908696847737,1.2194520237567021,105806.0,0.784950015,12
359,0.40200160593793316,0.1635877194392853,0.7614498240302755,102926.0,0.780701234,6
360,0.9713310699868145,0.5534520042511142,1.517157001760656,107802.0,0.799615497,16
361,0.9177937030861679,0.5153613946918969,1.4322456379397348,107265.0,0.794767379,15
362,1.0713163232450198,0.6165273706411248,1.6580647252029328,108434.0,0.798918838,16
363,0.9132237717853556,0.50069885337062,1.4564701011070889,107204.0,0.799309736,14
364,1.5512475107882935,0.9663518175758333,2.2919056058229854,112904.0,0.81825061,22
365,0.9918983703797942,0.5412301354723404,1.600026046750961,107653.0,0.777593228,13
366,0.9426097891232945,0.4933677261649433,1.5510000004092364,107388.0,0.797228634,12
367,1.0455917663783205,0.571187363740786,1.6654464255088253,108194.0,0.810395356,14
368,1.9747686520673142,1.2759670709245348,2.826933849887456,116517.0,0.823729529,27
369,2.3616184065229695,1.6076326125065232,3.3056391633809854,120198.0,0.826792374,34
370,1.260447773845594,0.7590384493466548,1.8896505000857768,110309.0,0.787095122,20
371,0.9808011144397305,0.5666239667481374,1.5129569402573189,107841.0,0.793424494,16
372,0.6053477370251998,0.2948416091520433,1.0259230501120582,104590.0,0.792556659,10
373,0.8054291532138833,0.4425630800057925,1.2871029395768256,106356.0,0.802962076,14
374,0.5743634905866238,0.28458848487052363,0.9657288228613724,104462.0,0.783050784,10
375,0.8106910637981307,0.4442166270877321,1.2899715575561108,106430.0,0.79982405,14
376,1.0090080645777268,0.5915562401931884,1.5357049398070526,108053.0,0.799004201,18
377,0.6801018814513908,0.35672951257248126,1.1112058404057372,105276.0,0.78416058,12
378,0.8868069865949786,0.506594775298027,1.3654986239948468,107014.0,0.797598153,16
379,0.628948734109439,0.3081135425052551,1.0705781328905453,104806.0,0.789198767,10
380,0.8812266352129356,0.46325874394444533,1.4500196623446466,106980.0,0.788212304,12
381,0.8678444522337094,0.44099422885273565,1.4455540669584739,106905.0,0.870437321,11
382,0.9783695886473626,0.5074498624480669,1.5971913659112207,107524.0,0.823251753,12
383,1.599111141759468,0.9786736419167912,2.396828782270327,113237.0,1.274734271,21
384,0.8083589665365125,0.39336122256814415,1.375948998802017,106196.0,1.080370364,10
385,0.8562179846299888,0.43877185239020744,1.4325506503970569,106579.0,1.787999083,11
386,0.5058900566907354,0.2020049531687854,0.9582989644874694,103617.0,2.050029023,6
387,1.3038121667301823,0.7454584707286612,2.0305840687436394,110426.0,2.084567573,16
388,1.2231159522585158,0.6883094521206089,1.9182273431619186,109703.0,2.069842946,15
389,0.878203278289606,0.43421190355530415,1.486419326582436,106739.0,2.014839863,10
390,0.6245180223949269,0.2650213740517319,1.1412119553974065,104568.0,1.517699937,7
391,0.4710979225877405,0.17179763894289407,0.9164155991274897,103267.0,1.626583923,5
392,0.3922592984907368,0.12487048151514012,0.8129415568765812,102639.0,1.758858327,4
393,0.6552775793107312,0.28270326238030546,1.2013055953935308,104801.0,1.896717072,7
394,0.9615551909362356,0.4545991648716802,1.6722679570819632,107214.0,1.255704187,9
395,0.9949810237907183,0.4619522416730036,1.7331116839143994,107445.0,1.698977168,9
396,0.9394201694920784,0.4163500309464887,1.6829220896394854,107013.0,1.954026962,8
397,1.332692719260065,0.6853116195114254,2.1971712149949436,110434.0,1.941060843,12
398,2.1704803685735143,1.2627284897417905,3.3543430428770677,118006.0,1.672802153,18
399,1.8533767081676384,0.9992949021505324,2.9724522863930356,114989.0,1.823167179,14
400,1.9358936326215026,1.0793776610017933,3.075248562168787,116001.0,1.721369093,15
401,1.4451081430497839,0.7524439822692641,2.3898124825361813,111474.0,1.651028418,12
402,1.587429648446557,0.8812484131483802,2.5120831352850157,112989.0,1.383590035,15
403,0.7905615827178297,0.35922161274806663,1.400614845773544,105883.0,1.119707376,8
404,1.8077517570297295,1.1072586614022732,2.699215369079437,114891.0,1.048960261,21
405,0.9353075922273093,0.47839665570493156,1.5557394635387722,107117.0,1.134909452,11
406,0.8139395992787358,0.39730548818962075,1.385273949587741,106315.0,1.080053557,10
407,0.9822555325112513,0.5274718059259784,1.5895107354104665,107696.0,1.148403138,13
408,0.4152631958429509,0.15318169491290487,0.8160842157597016,102792.0,1.075036224,5
409,1.0320076947191594,0.5546444524412428,1.6604656613278033,108105.0,1.192824085,13
410,1.1291416936099643,0.6226662432983134,1.7895741853244063,108898.0,1.032658519,14
411,1.1758802187236235,0.646404196161924,1.8729523265146648,109229.0,1.228658075,14
412,0.5514089188240446,0.21722550762190618,1.0405444772435355,103864.0,1.417451212,6
413,0.8153770476833926,0.3844794399594661,1.413568545954894,106143.0,1.491372588,9
414,1.0324704254484203,0.5364083264448173,1.7046693654352585,108025.0,1.050567824,12
415,1.0676682731080747,0.543040516279677,1.7994899447858994,108384.0,1.01448818,11
416,1.5328677516180875,0.8701978798746084,2.3999731172525527,112515.0,1.184176267,16
417,1.418763898117172,0.7898013573370718,2.2581485447111076,111237.0,1.031501102,15
418,1.4346092786490408,0.8090889714337499,2.2581026839697786,111434.0,1.049781597,15
419,0.3284407293435957,0.09166360456213767,0.7153589074034459,102009.0,0.99195626,3
420,1.9820056768650522,1.2385325511942153,2.92197653362487,116485.0,1.087304281,23
421,1.2497493929822605,0.6802117486893232,2.0024494356762004,109753.0,1.072584464,14
422,1.0048686770671587,0.5117485885106148,1.6746418804565986,107715.0,1.062042621,11
423,0.7691727366972512,0.3587752299087387,1.3323444914193256,105763.0,1.018137413,9
424,0.8893075253350082,0.45060003556674816,1.477097051262901,106774.0,1.093372408,11
425,0.9562755086153095,0.5033131854102745,1.5683388532582596,107300.0,1.148936072,12
426,1.4565392995946231,0.8676486172494146,2.2251054879560987,111968.0,1.172068202,19
427,0.7515166265897154,0.35512625558171107,1.29395176172003,105673.0,1.014928606,9
428,0.7710542140446304,0.3646920984484922,1.3411122871838241,105721.0,1.175599544,9
429,0.6380694907901486,0.2700175328040124,1.1707846020629504,104637.0,1.091859677,7
430,0.4394418982338577,0.1596594862417056,0.8618178196611733,103095.0,1.152381026,5
431,1.518757275718091,0.8875795751201435,2.3545316495310766,112354.0,1.04320313,17
432,1.3281638624598961,0.7222135634915122,2.1305839814305116,110506.0,1.140947845,14
433,1.0587425860770263,0.5325598416799637,1.7825430536639146,108191.0,1.003263918,11
434,1.4614648455779182,0.8255018370855179,2.289439112905281,111648.0,1.03790419,16
435,0.9358961838678107,0.4600592901605146,1.5946734943191532,106882.0,1.076438194,10
436,1.3535663088212684,0.7617429596209598,2.14836946304949,110928.0,1.164905413,15
437,1.5472657277913222,0.8834259197956483,2.420388216000701,112472.0,1.269885932,16
438,1.2956389807795003,0.7087142120221396,2.0819320430673853,110348.0,1.067196911,14
439,1.473722070964475,0.86139164465326,2.276582591915502,111994.0,1.07516868,17
440,0.7570464141024387,0.35559169683498,1.308721614123006,105670.0,0.971575207,9
441,0.9719418080832548,0.5209296689508741,1.5743059130960873,107757.0,1.023473523,13
442,1.002496842350177,0.5351078332522139,1.6166491646429897,107870.0,1.02395895,13
443,0.8678867101031327,0.439568215553916,1.437055248370553,106507.0,1.054142639,11
444,0.9902454006649052,0.5330364022421925,1.5991601732007346,107702.0,1.033659583,13
445,1.1688129589254512,0.6504483840454152,1.8493911759017545,109261.0,1.044678871,15
446,1.492549180006884,0.9043350152559128,2.2298855103439674,112162.0,1.042460089,20
447,0.5016128133825892,0.1957987630383657,0.9494899633609545,103642.0,1.130778296,6
448,0.9636130058826656,0.50078788851358,1.5735610275460155,107512.0,1.323670447,12
449,0.5957164954839678,0.25599685964317,1.0848598426012148,104261.0,1.131509311,7
450,0.943398937340022,0.47824247313968227,1.5694243473666056,107175.0,1.038290713,11
451,0.9171339953417895,0.4589434798194254,1.5273086886514484,107047.0,0.99326997,11
452,0.7824664582139143,0.36809300330212996,1.3569627132435493,105902.0,0.996578356,9
453,0.807334902620454,0.3831343004577414,1.4116314930599094,106077.0,1.198119593,9
454,1.0618548705638107,0.5565766449638399,1.735440192491695,107910.0,1.30406886,12
455,0.9258009892197905,0.4489742106963905,1.5776703704721187,106996.0,1.249376021,10
456,1.155400513194029,0.5981588693612926,1.8994628337013824,109171.0,1.0940892,12
457,1.201768075231123,0.6039002787155354,2.017401243009497,109569.0,1.192146452,11
458,1.0444857783261021,0.5039805329343754,1.7695704935529974,107938.0,1.185931005,10
459,1.2548599647797363,0.6500910420235599,2.0626391974719733,110032.0,1.520291562,12
460,0.8290751780989045,0.37328142197412134,1.4819883924824064,106191.0,1.109035363,8
461,0.7414791372771073,0.3113227091712609,1.3578658440322111,105527.0,0.997084132,7
462,1.3116607575646306,0.701321600529042,2.1391436388188936,110358.0,0.994760704,13
463,0.8305124263465344,0.3739510635636911,1.4733192489695968,106116.0,1.140375756,8
464,0.8232369028629989,0.37156582878908156,1.4539062358065584,106249.0,1.128822223,8
465,1.8936628016707593,1.1175894265185318,2.8747917520532242,115768.0,1.121751488,19
466,1.0267918866333439,0.5038493131728119,1.7590459920405992,107967.0,1.127254655,10
467,0.6650397744239576,0.2628048080825073,1.2582447767376033,104745.0,1.29837966,6
468,1.2428586901356304,0.6434233534094418,2.0563640750598573,109656.0,1.159453573,12
469,0.37911161181539105,0.10334749055994037,0.8312387882740288,102307.0,1.007985264,3
470,0.9819393582411878,0.46035107784320867,1.7176813215768842,107384.0,1.05676343,9
471,1.1592464492064765,0.5823950474196502,1.9360122578734171,109170.0,1.065838164,11
472,1.040223984501304,0.5086207650600705,1.773680880473199,108061.0,1.054724536,10
473,0.9937170011242071,0.4713037386448454,1.725319152185072,107353.0,1.044325352,9
474,0.782780328224278,0.3303280413661058,1.431908719402544,105648.0,1.082722472,7
475,1.4523700429644004,0.7881987171139669,2.3302932973245376,111840.0,1.054723225,14
476,1.2141917953603547,0.5968403250203246,2.0793955926661534,109378.0,1.052152076,10
477,1.222207311826435,0.5997459015868478,2.1040325981034966,109369.0,1.049088647,10
478,0.8372249682719329,0.35393439346456795,1.538144734403155,106128.0,1.034754102,7
479,0.7590853260379188,0.29701442815337603,1.4355226217803843,105361.0,1.030188124,6
480,1.3897035914734637,0.7432134646051022,2.27066543508149,111105.0,1.128885786,13
481,0.7938572571192448,0.33554679073007077,1.4553290968609602,105629.0,1.092058572,7
482,1.82924541646571,1.0543138552307971,2.8441095536075167,115039.0,1.163706079,17
483,0.407818763320895,0.11041171419141023,0.8987084078293929,102470.0,1.024923829,3
484,0.30229571619769907,0.06129587031499923,0.7423430268968361,101711.0,1.15628927,2
485,0.39815939771967723,0.10936793005794525,0.8875225181830005,102478.0,1.018399089,3
486,0.6561466399440978,0.23494378762092996,1.296398306901532,104543.0,1.199769397,5
487,0.932291064384238,0.39606452286721455,1.70770417233702,106734.0,1.068603993,7
488,0.8718374494201112,0.34148495859387695,1.6580258862003598,106368.0,1.034755782,6
489,1.5363078629166085,0.7738343606189484,2.5803347015826374,112238.0,1.149125874,11
490,0.5156882326504361,0.14049776580244455,1.1505126866860418,103129.0,1.065116185,3
491,0.5820710229691829,0.15650913975754546,1.2978408601549554,103590.0,1.034248691,3
492,0.9070324388544125,0.3254564053789849,1.7931194698839186,106299.0,1.16202762,5
493,1.9353150987513177,0.8948258598788444,3.4374441950640775,115378.0,1.280667825,9
494,0.7252574743404114,0.1985329851438784,1.6225437547950075,104518.0,1.092709219,3
495,1.3431542492072934,0.562347948220121,2.5044293018583015,110236.0,1.191116399,7
496,1.750151606845588,0.8449420086768087,3.016282107247162,113812.0,1.075811745,10
497,1.3908891794687213,0.6147584461953989,2.5089849815368876,110694.0,1.18782055,8
498,0.7791580502607792,0.246205023853251,1.6290864991109453,105000.0,1.039808171,4
499,0.4633842476056433,0.09021227175009143,1.1395419777409133,102616.0,0.872922116,2
500,1.1898507047717855,0.4703940982935112,2.291257812018441,108503.0,0.879739176,6
501,1.6087493411954603,0.7438582111923017,2.8324144176455808,112385.0,0.880461317,9
502,0.6034628554862166,0.16116946225346007,1.341393750979799,103764.0,1.102196943,3
503,0.7475577011599662,0.2411258807612326,1.5718291920773122,105045.0,1.084668683,4
504,1.1219863382584627,0.43612516456987854,2.1468440358057848,108118.0,1.059900903,6
505,0.7698512161270163,0.24319845797715292,1.6103327873184548,105216.0,1.144763528,4
506,0.8075247416630055,0.2505897853350306,1.6855159885081314,105358.0,1.160732225,4
507,0.3597820172114791,0.04482267061406735,1.0175069012604632,101495.0,1.141168584,1
508,0.3979054128029981,0.046843368062045844,1.1276868309378763,101739.0,1.104957193,1
509,1.2156419507551808,0.42271921845108884,2.4531468347819247,108619.0,1.203533441,5
510,0.5886942861336272,0.11746274611471531,1.4599660611995942,103302.0,1.112667711,2
511,0.6403024372481749,0.12763155953457,1.592056796972663,103588.0,1.020369089,2
512,1.0279427912872316,0.2641087642889735,2.3300638762058723,106675.0,1.211873337,3
513,0.2630548068109224,0.005951018626858697,0.9829424349009777,100002.0,1.084273948,0
514,1.4089159556331539,0.435789091445112,3.00615018046221,109717.0,1.143110446,4
515,0.9795953770559982,0.19884030588492355,2.4259203002329954,105508.0,1.046749954,2
516,1.406352861567664,0.36387920984718064,3.2096594622418326,109225.0,1.162941333,3
517,1.5064720378490417,0.3964624553803826,3.4641336349332534,110104.0,1.367384795,3
518,1.770786061719835,0.5369411307370453,3.7924027303798393,112366.0,1.064740638,4
519,0.9895436272176497,0.1955145678361234,2.4421247906020827,105568.0,1.120348521,2
520,0.36140899369181634,0.00927298948577475,1.3680621300303666,100002.0,1.108531883,0
521,0.36093707827894517,0.010341453495627114,1.35700492008866,100002.0,1.039679308,0
522,0.7235392119748377,0.08873477494458851,2.0691321933262468,102978.0,1.021969473,1
523,0.7812307201222335,0.08944446351029596,2.2534243271130454,103362.0,1.119429048,1
524,2.590030619951076,0.9840049476735386,5.1307891045465235,120642.0,1.079965165,6
525,1.6399280420297484,0.42120105002618047,3.7643971261170055,110990.0,1.15476536,3
526,1.2242797092462954,0.24753798444271272,3.0803332490234347,107168.0,1.085414229,2
527,0.8465584990159429,0.10052781107912757,2.432626602394197,103713.0,1.040907032,1
528,1.307358313835428,0.260509336941194,3.2905270868174687,107815.0,1.161649637,2
529,1.902080443783112,0.48545177359359326,4.374544835061972,112850.0,1.136580659,3
530,2.3125624991082803,0.7094297914599458,4.997480708052111,117061.0,1.104780633,4
531,2.0358668927174253,0.631897772795984,4.375760295500352,114521.0,1.192065983,4
532,1.4310736495246552,0.3737632854591594,3.2561542181032608,109297.0,1.095777979,3
533,0.9957559772431179,0.19367532463965334,2.4796257596685836,105559.0,1.142032922,2
534,1.230091917793403,0.31705606263834885,2.7966969691007963,107904.0,1.171485737,3
535,2.0603358014974376,0.7165027492951163,4.19508788031306,115330.0,1.081282141,5
536,1.0154602602663743,0.19937038103229782,2.5115212946846346,105615.0,1.13855833,2
537,1.2886975889659442,0.34057902499868953,2.951527585861284,108369.0,1.079783983,3
538,1.1836276207956484,0.3100621032636847,2.6726508744957367,107660.0,1.160622423,3
539,0.5749680000378833,0.06538139658366426,1.62041493329119,102434.0,1.032124978,1
540,0.863351772544802,0.17049823899424157,2.1357930933807254,105004.0,1.192558449,2
541,0.3020203669196901,0.008494947102678545,1.1330883008410582,100002.0,1.004322525,0
542,0.9803962745303988,0.19794929954813148,2.438350545040463,105623.0,1.087640885,2
543,0.6909479003985791,0.08466799617805688,1.9753716801101595,102846.0,1.086022476,1
544,2.08960406943889,0.7384168516196031,4.260163294138699,115721.0,1.09207342,5
545,1.095026421383537,0.21803647836561071,2.7120492649480763,106296.0,0.995876208,2
546,1.2621646592288145,0.2541229945804325,3.1569343957340363,107407.0,1.11029215,2
547,0.4197994219920138,0.009476776852690546,1.5756737542810573,100002.0,0.982592923,0
548,1.3369596690777392,0.2616065027766344,3.3503472263205456,107767.0,1.181497815,2
549,1.8949708184620864,0.4839705168926969,4.366144424089792,112835.0,1.161395275,3
550,2.2505181240841856,0.6808396987710603,4.8845796438331455,116408.0,1.041647344,4
551,0.44151876111589433,0.009625548446667105,1.6659995050394951,100002.0,0.9657296,0
552,0.40680880667313457,0.010991201325397045,1.5226433464512543,100002.0,1.050343315,0
553,0.8270262822532143,0.09211080915747022,2.3810410964571935,103605.0,1.095385218,1
554,0.8128674099434702,0.0971712166197258,2.34765018643619,103325.0,1.167204426,1
555,0.493312801748661,0.012502570777730131,1.8664837109185797,100002.0,1.039215928,0
556,1.5883011396299709,0.3128008027839726,3.9949389524927446,109599.0,1.073154495,2
557,1.6979081661698237,0.33041141837070814,4.301584196426489,110120.0,1.069708361,2
558,1.5951152413899607,0.3097955006589995,4.02405931459639,109796.0,1.106151966,2
559,0.561222570482547,0.016154631443728824,2.1092968013335085,100002.0,1.104383032,0
560,1.263078151617564,0.14598533169016137,3.6851530647605815,105659.0,1.153791434,1
561,1.5800413867990066,0.17765905113395217,4.649772938441934,107207.0,1.100873161,1
562,1.4551235844883488,0.16481086359552977,4.302972510489982,106535.0,1.171782185,1
563,0.6805248937950027,0.016406165158804734,2.5993330946887125,100002.0,1.138334238,0
564,2.7378317460728216,0.6963020320981328,6.456562949515493,119527.0,1.132180265,3
565,3.3641745386834656,1.0033054840933189,7.419600828045278,126838.0,1.235862286,4
566,1.8085774623184927,0.3608514016159643,4.598183455408976,110976.0,1.099247201,2
567,2.9886622436610644,0.9017552779666005,6.5194131456677,123088.0,1.170094958,4
568,2.8700465797039882,0.8756878178313036,6.217525197775264,121921.0,1.290161915,4
569,0.5419881931817233,0.013426583123341822,2.0490851228040126,100002.0,0.996422512,0
570,1.404797578864786,0.277970143091494,3.5073208438414056,108226.0,1.166380819,2
571,0.434718822346711,0.012108690981481134,1.6430131001542483,100002.0,1.03527194,0
572,1.6449859116329295,0.426398968195834,3.7666641821642473,110690.0,1.219809355,3
573,0.39285833001519876,0.008647566746587322,1.4749976445920898,100002.0,1.058644915,0
574,0.36390207214283565,0.008796530696907784,1.3948926405625175,100002.0,1.089367446,0
575,1.2039378935698113,0.23528133570344428,3.0124855905150225,106761.0,1.123007446,2
576,0.4598063115551358,0.01165063220197977,1.717883778737365,100002.0,1.10094599,0
577,0.4916681496800571,0.010190465755674023,1.8745755290457595,100002.0,0.99208971,0
578,1.2030831713720624,0.13681023162484118,3.501126338660104,105361.0,1.248608767,1
579,5.929881722661841,2.2521667292153316,11.834098211546035,160345.0,1.222503349,7
580,1.9759968240813364,0.3777200659726804,5.057728830483845,112206.0,1.03725287,2
581,0.6685464969356811,0.017252321446732742,2.5413739837472575,100002.0,1.085376695,0
582,1.76328861766537,0.3465796994701479,4.473163188324232,110616.0,1.153511779,2
583,7.21055038656896,3.3622894384813726,12.9992236172324,181006.0,1.489884547,11
584,2.8949427669177177,1.0021723363400215,5.970869051032718,122960.0,1.294470181,5
585,1.5820599627156997,0.4101181270450609,3.6124195113583397,110385.0,1.099521829,3
586,1.0636876233579526,0.21705098661855618,2.636229565391142,106172.0,1.068706731,2
587,1.814761494592064,0.6403483481488657,3.69313421859561,113323.0,1.278564469,5
588,0.7907371720958312,0.15978026472141765,1.9469057056442112,104396.0,1.194172,2
589,0.7214865624326849,0.14905654987442418,1.7744149084317908,103896.0,1.189560053,2
590,0.2658544186307295,0.005878068307318536,1.0002481206082006,100002.0,1.076431255,0
591,0.5214326742952203,0.0643887564847282,1.4635469542796011,102145.0,1.225206715,1
592,0.24152347816743108,0.005876372566998519,0.9067457022239209,100002.0,1.079779894,0
593,1.2410014335149482,0.38653706210521555,2.6147266227421953,108650.0,1.255465385,4
594,1.0091356037421662,0.1958303136394541,2.5177444689695325,105891.0,1.090279703,2
595,2.318270095635357,0.7965148226747971,4.763378752698056,117939.0,1.265467769,5
596,0.8042610946612363,0.09187169686299639,2.341327870787008,103499.0,1.166698775,1
597,0.8083494981811898,0.09326672822868506,2.3328806641796898,103361.0,1.159292502,1
598,0.46574674134598887,0.012130069554195313,1.7482254691766808,100002.0,1.080825659,0
599,1.424201654270276,0.2867893346642104,3.612859601966052,108397.0,1.306523735,2
600,0.9669944298236267,0.11648823666163954,2.8032210813960683,104244.0,1.139389774,1
601,1.3537701832786606,0.27090777211908423,3.436670094584925,107902.0,1.23692682,2
602,0.8949445982643021,0.10745224396751626,2.5693684355115547,103823.0,1.145225225,1
603,0.4257003975009965,0.010208649048870687,1.5957856287741004,100002.0,1.174928785,0
604,1.4796190518533276,0.29968494573138954,3.714582531643586,108636.0,1.223543948,2
605,2.0632732778751004,0.5336020144790521,4.755783008916479,113894.0,1.100607202,3
606,2.581253249282387,0.6655998361873975,6.0170974380175,118368.0,1.101444472,3
607,1.8332232174847445,0.3583222650106051,4.635848639689393,111120.0,1.168109931,2
608,1.7061199871514885,0.3320126404841544,4.325219659472057,110352.0,1.099858754,2
609,1.5058914259571976,0.2912612215714799,3.7701929693768212,108904.0,1.177148968,2
610,1.4817766311051654,0.296053738272722,3.725538136548562,109043.0,1.089638853,2
611,0.47106369374110507,0.011173176663536436,1.7798121232181356,100002.0,1.035314517,0
612,0.9493380597482262,0.11298689668693006,2.747134919826786,104055.0,1.109110393,1
613,0.4617393914041856,0.010667411626707014,1.7629998769204875,100002.0,1.176527651,0
614,0.43974890559481056,0.009948258400558846,1.6611415525888267,100002.0,1.110480686,0
615,0.9397485663978616,0.10734318178977865,2.7140705511826937,104066.0,1.225045015,1
616,1.0848885789927507,0.12454630433140804,3.1476114727221103,104692.0,1.218130232,1
617,1.2548708400847681,0.14631122149338288,3.6581682483562443,105631.0,1.077935996,1
618,1.4037769221095495,0.16344379667609898,4.078487336496581,106231.0,1.164960424,1
619,3.8035926330203784,1.130907650471196,8.452893762755757,131078.0,1.413418193,4
620,4.714565819930311,1.5679628895175046,9.998567952445343,142698.0,1.297068331,5
621,4.577194055116975,1.5109688706265278,9.713093231149017,141436.0,1.207041908,5
622,3.6323676551422217,1.2450319379691686,7.5042931896176714,130379.0,1.247506406,5
623,1.0260315982931707,0.1185471593664044,2.9749954707832766,104482.0,1.176964043,1
624,0.4328977848370551,0.01021411462023755,1.626655588044279,100002.0,1.167754889,0
625,0.37691970116720136,0.010524074980434332,1.4205834911949022,100002.0,1.040095241,0
626,0.7148343559852928,0.08377108614286591,2.039555990913328,103047.0,1.169575173,1
627,0.3489188356894923,0.008695260688269108,1.3158902171708913,100002.0,1.083381426,0
628,0.3452832476542957,0.008343581191025419,1.2935731814714047,100002.0,1.164100729,0
629,0.7011614638402731,0.08108684151284311,2.032691844109101,102944.0,1.069986365,1
630,0.8189442954299169,0.09357180964799373,2.3689307767928858,103590.0,1.175124443,1
631,1.0297610938723998,0.12201384726314998,2.9437075020047687,104650.0,1.188557913,1
632,2.0496475804747707,0.40193634934868533,5.198632965898175,112434.0,1.076405824,2
633,1.9728037587063216,0.2202113037824839,5.882662017508483,109421.0,1.146793331,1
634,1.983769481266958,0.22546767660171832,5.884529833455431,109583.0,1.347257016,1
635,0.9038454884342895,0.023897223501514547,3.470968669479067,100002.0,1.085525301,0
636,0.8512371345072277,0.019866285994315353,3.258236977290908,100002.0,1.01397491,0
637,0.8810960747511093,0.022118903342043805,3.3861070747704938,100002.0,0.987267836,0
638,1.7188267566191422,0.1952638938457182,5.054901402866939,107837.0,1.049626133,1
639,0.8492872189583177,0.020516875864294862,3.225692821630413,100002.0,0.990954387,0
640,0.9047124942645787,0.022331558378385623,3.4573427273095447,100002.0,1.108390061,0
641,1.9580895112156298,0.2237403051102408,5.7615158547131635,109371.0,1.109932744,1
642,1.0735939805868804,0.024619798423102177,4.099613669074857,100002.0,0.981807029,0
643,1.3138351667573762,0.031313729971331854,5.1034799259371235,100002.0,1.143203309,0
644,1.4836749627960846,0.03381475260231051,5.770313297956405,100002.0,1.044600973,0
645,1.713997238236696,0.04127329646738135,6.675152454179456,100002.0,1.143965843,0
646,1.7198994123709137,0.040712799552980856,6.751125778761518,100002.0,1.054496661,0
647,1.7811151629529622,0.04349171293566599,6.962990585861727,100002.0,1.139358635,0
648,3.4939551346744215,0.39182252734474904,10.587033810460014,120882.0,1.161859073,1
649,2.0735305243118445,0.046994987527870354,8.148545164956595,100002.0,1.050602785,0
650,2.0900195167337094,0.04941773328649426,8.165852234855878,100002.0,1.0735615,0
651,2.1130746787506918,0.051468129779492326,8.292683327692664,100002.0,1.013216679,0
652,4.621871701063107,0.49761355643928173,14.122579262961638,136956.0,1.225029972,1
653,2.283776494050005,0.05499455396949444,8.941939926418737,100002.0,1.010878248,0
654,2.258863494242315,0.05191830347665046,8.808993984497418,100002.0,1.119134431,0
655,2.2288517997375337,0.05321601996918958,8.591858561409524,100002.0,1.078088806,0
656,2.2212158337819052,0.052859013261699714,8.651958901346207,100002.0,1.13294355,0
657,2.2430472907434056,0.053718742409341436,8.689199794109644,100002.0,0.989592678,0
658,2.2598915069157415,0.05433253837380379,8.671341743846032,100002.0,0.990033837,0
659,2.7127476752350157,0.06107342725094936,10.536424014745938,100002.0,1.015931182,0
660,2.72055128571753,0.06464581701468416,10.549693541606521,100002.0,0.982097469,0
661,2.7751370520299887,0.06368582363541592,10.743535771180992,100002.0,0.969546263,0
662,2.829492958429701,0.06748634972657079,10.890393996065333,100002.0,0.989826599,0
663,3.5598101142338674,0.08576222406125428,13.940460272250245,100002.0,1.018377181,0
664,3.6817226244998684,0.08452836258857074,14.444497436837686,100002.0,0.982976471,0
665,3.8238599223564695,0.09058050705271402,14.88153906256851,100002.0,1.048694985,0
666,3.9978958613536997,0.09077907783186176,15.5116582995146,100002.0,1.079674888,0
667,4.19052129816555,0.10299863131920402,16.127840540269275,100002.0,1.014484948,0
668,4.397182401089417,0.10387848363161052,16.80286363595301,100002.0,1.098050485,0
669,4.52532056891675,0.11002291557192978,17.10175779570831,100002.0,1.045793501,0
670,4.6649789796948085,0.11357754665803271,17.575825636045387,100002.0,0.996902358,0
671,4.781264003634437,0.11894371218372422,17.922811228416208,100002.0,0.978122486,0
672,4.84158278668564,0.1229279291436924,18.061186534637102,100002.0,0.979011513,0
673,4.927186773246492,0.12254139991548751,18.15051867785923,100002.0,0.97945484,0
674,4.931436294866045,0.1196887938343821,18.240201458918364,100002.0,0.997268216,0
675,4.979258038602581,0.12582096868921033,18.385746901340138,100002.0,1.013542801,0
676,4.958332213211147,0.126808592086533,18.374856628057703,100002.0,0.988177509,0
677,4.994052149238738,0.12516414053656505,18.4255265071399,100002.0,1.134521467,0
678,6.680145964458099,0.727688473598057,20.41985394794064,1.296834e7,39.858283994,1
679,3.2893432139213967,0.08118021892537128,12.580444327734492,100002.0,1.001648564,0
680,3.2556346108590866,0.07898088180526591,12.481820509571206,100002.0,1.020596785,0
681,3.2301766793156665,0.08005608057563943,12.396813132465862,100002.0,1.122814834,0
682,3.230833830043872,0.07697460730348202,12.244947932633917,100002.0,1.111954114,0
683,3.2177985051165328,0.0760910328120718,12.3235986728381,100002.0,1.052334107,0
684,3.222351900553932,0.08060520021281184,12.319559297439152,100002.0,1.14791937,0
685,3.197659046029544,0.07877539523618762,12.242491196761389,100002.0,1.079867065,0
686,3.1943464530022094,0.07784926763768935,12.189040122154928,100002.0,1.030114029,0
687,3.1880616894117186,0.07894545222413668,12.21565482607092,100002.0,1.101597917,0
688,3.2028521680290436,0.07951157432913475,12.08827242729674,100002.0,1.054973604,0
689,3.9848226114491063,0.09362626460818588,15.280155173144356,100002.0,1.181909884,0
690,4.037681272426847,0.09692223357269873,15.4783121952237,100002.0,1.371950524,0
691,4.125057620315108,0.09820645736494746,15.85039649214402,100002.0,1.085840126,0
692,4.238889980882776,0.1029206119891587,16.17490040622392,100002.0,1.097834928,0
693,6.560645274926746,0.7496083110648402,18.96014373027705,366554.0,1.840108273,1
694,3.1582794680103405,0.07671085846296222,12.057548381498986,100002.0,1.112710991,0
695,3.0886444607855745,0.07464438385316413,11.822474946848898,100002.0,1.053865036,0
696,3.0653723498023426,0.07252139224974948,11.701091060000419,100002.0,1.0085275,0
697,3.0518175584059537,0.07127187605104636,11.67857022902101,100002.0,1.154298547,0
698,5.711167597983577,0.6332539844776156,16.859098303418953,161386.0,1.2228458,1
699,2.8320623908813003,0.07073125407878061,10.82602802480611,100002.0,1.06087109,0
700,2.711921413974019,0.06467157447979696,10.396189461156162,100002.0,1.02439741,0
701,2.6090034589880955,0.0653531317053847,9.947218782772941,100002.0,1.058567871,0
702,2.5629835452651872,0.06262681728332778,9.82576931115832,100002.0,1.119233308,0
703,2.5272519337266157,0.06071724099210043,9.615102979751123,100002.0,1.139172009,0
704,2.9369313871037415,0.06891898648096016,11.32700723087333,100002.0,1.028248307,0
705,2.945752212864293,0.07078721558194923,11.233484839967284,100002.0,1.097847465,0
706,2.9510135314352666,0.0707761938025663,11.383715053092594,100002.0,1.096043782,0
707,5.503454978999078,0.6066379590348188,16.377352708898776,154220.0,1.312614371,1
708,2.6910243542536785,0.06476925854041461,10.37477101412843,100002.0,1.003789513,0
709,5.646579756304865,0.6230930726712587,16.910097854210075,163598.0,1.424601561,1
710,2.6422402874841717,0.06424295856659122,10.24228949296242,100002.0,1.016220886,0
711,6.724597945167676,1.2565992256098597,17.668821210121788,186466.0,1.308292491,2
712,2.05400424601584,0.04951842559588779,7.919205987930206,100002.0,1.036805214,0
713,1.877184393954512,0.043947604868953445,7.2846886213546975,100002.0,1.309385132,0
714,1.7801112564578967,0.04216654119498752,6.921943384466055,100002.0,1.089229661,0
715,1.702575578180959,0.04134484554394014,6.545093859774837,100002.0,1.334943427,0
716,1.6543543012723183,0.04034752013826954,6.346947824189802,100002.0,1.130112276,0
717,1.6233121576987153,0.03987994349780102,6.211847502625194,100002.0,1.001650214,0
718,1.8330688621839732,0.04367227790703141,7.041016156927873,100002.0,1.02576166,0
719,1.8052642044800637,0.04375103735029924,6.928086490358624,100002.0,1.026167901,0
720,3.947963007730608,0.4501934368611915,11.675935985442628,125902.0,1.114155688,1
